site_ID,fire_severity,bib_present1,bib_present2,bib_present3,bib_present4,bib_present5,bib_present6,bib_abundance1,bib_abundance2,bib_abundance3,bib_abundance4,bib_abundance5,bib_abundance6,sig_abundance1,sig_abundance2,sig_abundance3,sig_abundance4,sig_abundance5,sig_abundance6,time_to_detection1,time_to_detection2,time_to_detection3,time_to_detection4,time_to_detection5,time_to_detection6,date1,date2,date3,date4,date5,date6,time1,time2,time3,time4,time5,time6,habitat_disturbance1,habitat_disturbance2,habitat_disturbance3,habitat_disturbance4,habitat_disturbance5,habitat_disturbance6,temperature1,temperature2,temperature3,temperature4,temperature5,temperature6,wind1,wind2,wind3,wind4,wind5,wind6,humidity1,humidity2,humidity3,humidity4,humidity5,humidity6,canopy_cover1,canopy_cover2,canopy_cover3,canopy_cover4,canopy_cover5,canopy_cover6,cloud_cover1,cloud_cover2,cloud_cover3,cloud_cover4,cloud_cover5,cloud_cover6,moisture_level1,moisture_level2,moisture_level3,moisture_level4,moisture_level5,moisture_level6,daily_precip1,daily_precip2,daily_precip3,daily_precip4,daily_precip5,daily_precip6,weekly_precip1,weekly_precip2,weekly_precip3,weekly_precip4,weekly_precip5,weekly_precip6,next_day_precip1,next_day_precip2,next_day_precip3,next_day_precip4,next_day_precip5,next_day_precip6,daily_temp1,daily_temp2,daily_temp3,daily_temp4,daily_temp5,daily_temp6,cosHour1,cosHour2,cosHour3,cosHour4,cosHour5,cosHour6,sinHour1,sinHour2,sinHour3,sinHour4,sinHour5,sinHour6,Y,X,state,elevation,fire_severity_binary,historical_present,canopy_cover_site,signifera_presence1,signifera_presence2,signifera_presence3,signifera_presence4,signifera_presence5,signifera_presence6,signifera_presence_site,sig_abundance_mean,sig_abundance_recoded1,sig_abundance_recoded2,sig_abundance_recoded3,sig_abundance_recoded4,sig_abundance_recoded5,sig_abundance_recoded6,sig_abundance_max,habitat_disturbance_site
1,0,1,1,1,1,1,1,1,3,4,2,2,1,2,1,0,1,1,0,1,0,0,0,2,0,2023-04-13,2023-04-20,2023-04-26,2024-04-10,2024-04-19,2024-04-26,23:50:00,17:45:00,22:49:00,21:39:00,16:31:00,17:55:00,1,0,0,1,0,0,18.8,19,16.8,12.5,18.9,16.8,0.6,0,0,0,2.4,0,78.8,64.3,84.3,67.6,70.2,53.5,0,NA,NA,40,90,50,0,20,0,0,0,90,2,2,2,2,1,0,13.14,0.07,0.06,0.14,0.24,0.01,17.130000000000003,17.11,0.38,83.13,3.83,0.54,1.68,0,0.02,0.08,0.21,0.02,14.94,15.06,17.08,14.19,15,13.39,0.9659258262890681,-0.25881904510252063,0.8660254037844384,0.7071067811865474,-0.5000000000000004,-0.25881904510252063,-0.25881904510252157,-0.9659258262890683,-0.5000000000000004,-0.7071067811865477,-0.8660254037844384,-0.9659258262890683,150.156472,-35.93999999999999,NSW,24,0,1,60,1,1,0,1,1,0,1,0.8333333333333334,20,5,0,5,5,0,20,1
3,0,0,NA,NA,NA,NA,NA,0,0.328125,0.2758620689655173,0.43859649122807015,0.5499999999999999,0.33333333333333337,2,0.90625,0.9655172413793103,0.7192982456140351,0.7,0.7333333333333333,1.5625,2.333333333333333,0.14285714285714288,0.5,0.38461538461538464,2.1818181818181817,2023-04-13,NA,NA,NA,NA,NA,22:30:00,NA,NA,NA,NA,NA,1,0.29729729729729726,0.3142857142857143,0.4705882352941176,0.21621621621621623,0.16666666666666669,20.8,16.3171875,18.755172413793105,23.65438596491228,21.623333333333335,19.948333333333334,0.5,0.7050505050505051,0.365,1.3189393939393939,1.5750000000000002,1.4470430107526882,69.4,68.83282828282829,60.888333333333335,55.902424242424246,60.30977011494253,57.40295698924731,0,NA,NA,8.571428571428573,18.796296296296294,11.851851851851853,0,48.25,52.15517241379311,36.14035087719298,45.83333333333333,34.91666666666667,1,1.484375,1.3275862068965518,1.4736842105263157,1.0833333333333333,1.0333333333333334,11.65,3.63109375,1.0705172413793103,0.3531578947368421,1.6946666666666663,0.5836666666666667,18.1,24.08578125,22.002241379310345,14.601052631578947,12.05583333333333,8.878,1.14,2.49546875,3.003448275862069,0.5864912280701755,0.859,1.508,15.9,14.016562500000001,13.826379310344828,19.164210526315788,16.64,15.335333333333333,0.8660254037844384,-0.6902844832766486,-0.6213726374977643,-0.5017201995213441,-0.4486812075910252,-0.541414574885065,-0.5000000000000004,-0.2733119547806826,-0.42000680212321434,-0.524746321077785,-0.5017559551482313,-0.4313131371058496,150.07,-36.42999999999999,NSW,20,0,1,13.484848484848486,1,0.65625,0.7413793103448276,0.5614035087719298,0.55,0.6333333333333333,1,2,20,8.984375,7.586206896551725,5.175438596491229,5.5,4.666666666666666,20,1
4,13,1,NA,NA,NA,NA,NA,1,0.328125,0.2758620689655173,0.43859649122807015,0.5499999999999999,0.33333333333333337,0,0.90625,0.9655172413793103,0.7192982456140351,0.7,0.7333333333333333,4,2.333333333333333,0.14285714285714288,0.5,0.38461538461538464,2.1818181818181817,2023-03-07,NA,NA,NA,NA,NA,12:08:00,NA,NA,NA,NA,NA,1,0.29729729729729726,0.3142857142857143,0.4705882352941176,0.21621621621621623,0.16666666666666669,20.7,16.3171875,18.755172413793105,23.65438596491228,21.623333333333335,19.948333333333334,0.6,0.7050505050505051,0.365,1.3189393939393939,1.5750000000000002,1.4470430107526882,42.5,68.83282828282829,60.888333333333335,55.902424242424246,60.30977011494253,57.40295698924731,0,NA,NA,8.571428571428573,18.796296296296294,11.851851851851853,0,48.25,52.15517241379311,36.14035087719298,45.83333333333333,34.91666666666667,1,1.484375,1.3275862068965518,1.4736842105263157,1.0833333333333333,1.0333333333333334,0,3.63109375,1.0705172413793103,0.3531578947368421,1.6946666666666663,0.5836666666666667,10.42,24.08578125,22.002241379310345,14.601052631578947,12.05583333333333,8.878,1.49,2.49546875,3.003448275862069,0.5864912280701755,0.859,1.508,16.32,14.016562500000001,13.826379310344828,19.164210526315788,16.64,15.335333333333333,-1,-0.6902844832766486,-0.6213726374977643,-0.5017201995213441,-0.4486812075910252,-0.541414574885065,1.2246467991473532e-16,-0.2733119547806826,-0.42000680212321434,-0.524746321077785,-0.5017559551482313,-0.4313131371058496,149.49,-36.540000000000006,NSW,1100,1,0,13.484848484848486,0,0.65625,0.7413793103448276,0.5614035087719298,0.55,0.6333333333333333,0,0,0,8.984375,7.586206896551725,5.175438596491229,5.5,4.666666666666666,0,1
7,13,1,1,1,1,1,1,3,2,3,2,3,3,1,0,1,2,3,0,0,0,0,0,0,0,2023-04-13,2023-04-20,2023-04-26,2024-04-10,2024-04-19,2024-04-25,20:25:00,10:23:00,19:15:00,17:42:00,22:27:00,20:25:00,0,1,0,0,0,0,15.3,15.8,20.5,18.9,15.9,13,0.7,0,0,2.1,1,0,90.3,59.6,73.3,60.9,74.8,77.1,0,NA,NA,0,30,0,0,0,0,60,100,100,1,1,1,4,2,1,9.76,0,0.05,0.79,0.94,0.12,16.15,15.39,0.29000000000000004,48.9,4.36,2.18,1.09,0,0.02,0.33,0.24,0.05,16.84,15.23,18.06,15.73,15.75,14.72,0.5000000000000001,-0.8660254037844387,0.2588190451025203,-0.25881904510252063,0.8660254037844384,0.5000000000000001,-0.8660254037844386,0.49999999999999994,-0.9659258262890684,-0.9659258262890683,-0.5000000000000004,-0.8660254037844386,149.88,-37.11,NSW,20,1,1,10,1,0,1,1,1,0,1,1.1666666666666667,5,0,5,20,50,0,50,1
8,6,1,1,1,1,1,1,3,1,2,2,2,1,0,0,0,1,1,0,0,1,0,0,0,0,2023-04-13,2023-04-20,2023-04-26,2024-04-10,2024-04-20,2024-04-25,19:30:00,11:15:00,18:21:00,16:32:00,21:42:00,16:48:00,0,0,1,1,1,0,16.6,9.2,19,16.6,10,15.8,0,0,0.4,2.2,0,2.2,85.4,82.2,76.2,77.2,90,64.1,0,NA,NA,50,0,0,0,0,0,100,0,0,2,1,1,1,1,0,5.97,0,0.02,1.86,0.15,0.51,22.68,15.88,0.54,42.72,8,5.720000000000001,1.08,0.01,0.04,0.56,0.02,0.08,14.71,12.56,16.48,13.49,13.22,12.46,0.2588190451025203,-0.9659258262890682,-1.8369701987210297e-16,-0.5000000000000004,0.7071067811865474,-0.5000000000000004,-0.9659258262890684,0.258819045102521,-1,-0.8660254037844384,-0.7071067811865477,-0.8660254037844384,149.68,-37.36999999999999,NSW,55,1,1,16.666666666666668,0,0,0,1,1,0,1,0.3333333333333333,0,0,0,5,5,0,5,1
9,12,1,1,0,1,1,0,2,1,0,1,2,0,0,0,0,0,0,0,0,1,0.14285714285714288,0,0,2.1818181818181817,2023-04-13,2023-04-20,2023-04-26,2024-04-10,2024-04-20,2024-04-25,19:15:00,11:35:00,18:05:00,16:20:00,21:25:00,16:35:00,0,0,1,1,0,0,19.3,10.2,19.4,17.5,14.5,16.1,0,0,0,2.3,0,1.6,73.3,77.8,74.4,75.7,63,56.8,0,NA,NA,30,50,10,0,0,0,90,0,0,1,1,0,1,1,0,5.97,0,0.02,1.86,0.15,0.51,22.68,15.88,0.54,42.72,8,5.720000000000001,1.08,0.01,0.04,0.56,0.02,0.08,14.71,12.56,16.48,13.49,13.22,12.46,0.2588190451025203,-0.9659258262890682,-1.8369701987210297e-16,-0.5000000000000004,0.7071067811865474,-0.5000000000000004,-0.9659258262890684,0.258819045102521,-1,-0.8660254037844384,-0.7071067811865477,-0.8660254037844384,149.67,-37.40000000000001,VIC,79,1,1,30,0,0,0,0,0,0,0,0,0,0,0,0,0,0,0,1
10,16,1,1,0,0,1,0,1,2,0,0,2,0,3,1,1,2,2,0,5,0,0.14285714285714288,0.5,0,2.1818181818181817,2023-04-13,2023-04-20,2023-04-26,2024-04-10,2024-04-20,2024-04-25,06:20:00,11:56:00,17:34:00,15:52:00,21:05:00,16:11:00,0,0,1,0,1,1,17.7,8.1,19.1,17.8,12.3,16.8,0,0,0.4,1.6,0,1.6,89.2,81.4,72.2,71.8,74,59.7,0,NA,NA,0,0,0,10,0,0,60,0,90,2,1,1,1,1,0,5.97,0,0.02,1.86,0.15,0.51,22.68,15.88,0.54,42.72,8,5.720000000000001,1.08,0.01,0.04,0.56,0.02,0.08,14.71,12.56,16.48,13.49,13.22,12.46,6.123233995736766e-17,-0.9659258262890682,-0.25881904510252063,-0.7071067811865479,0.7071067811865474,-0.5000000000000004,1,0.258819045102521,-0.9659258262890683,-0.7071067811865471,-0.7071067811865477,-0.8660254037844384,149.55,-37.48,VIC,52,1,1,0,1,1,1,1,1,0,1,1.5,50,5,5,20,20,0,50,1
12,2,1,1,0,1,1,1,2,1,0,2,3,1,2,1,1,1,1,2,0,1,0.14285714285714288,5,0,15,2023-04-13,2023-04-20,2023-04-26,2024-04-10,2024-04-20,2024-04-25,04:55:00,12:42:00,16:12:00,14:40:00,18:53:00,14:50:00,0,0,0,1,0,1,17.4,6.3,23.6,15.6,17.2,15.6,0,0.4,0.6,2.5,0,6.4,89,100,62,84.1,65.7,62.1,0,NA,NA,10,0,5,70,0,0,100,50,30,2,1,0,1,1,0,5.97,0,0.02,1.86,0.15,0.51,22.68,15.88,0.54,42.72,8,5.720000000000001,1.08,0.01,0.04,0.56,0.02,0.08,14.71,12.56,16.48,13.49,13.22,12.46,0.5000000000000001,-1,-0.5000000000000004,-0.8660254037844388,-1.8369701987210297e-16,-0.8660254037844388,0.8660254037844386,1.2246467991473532e-16,-0.8660254037844384,-0.4999999999999998,-1,-0.4999999999999998,149.16,-37.57,VIC,110,1,1,5,1,1,1,1,1,1,1,1.3333333333333333,20,5,5,5,5,20,20,1
19,0,0,0,0,0,0,0,0,0,0,0,0,0,1,1,1,1,1,1,1.5625,2.333333333333333,0.14285714285714288,0.5,0.38461538461538464,2.1818181818181817,2023-03-13,2023-03-24,2023-04-03,2024-03-03,2024-03-14,2024-03-21,15:00:00,14:54:00,11:50:00,16:05:00,16:27:00,12:38:00,1,0,0,0,0,0,18.8,25.6,19.7,25.5,20.8,21.3,0.8,0,0,1.5,2.5,2.7,48.6,39.4,65.2,47.6,85.8,36.2,0,NA,NA,0,18.796296296296294,0,100,50,60,0,100,0,1,1,1,1,1,2,6.33,1.74,0.62,0.01,6.43,0.01,3.45,17.07,25.18,0.98,1.01,41.76,2.46,6.24,0.71,0.09,1.7,0,14.23,15.81,13.67,18.64,18.76,10.45,-0.7071067811865479,-0.8660254037844388,-0.9659258262890682,-0.5000000000000004,-0.5000000000000004,-1,-0.7071067811865471,-0.4999999999999998,0.258819045102521,-0.8660254037844384,-0.8660254037844384,1.2246467991473532e-16,149.36,-35.860000000000014,NSW,1108,0,0,0,1,1,1,1,1,1,1,1,5,5,5,5,5,5,5,1
20,11,1,1,0,1,1,1,1,1,0,2,2,2,2,3,2,1,1,1,0,0,0.14285714285714288,0,0.38461538461538464,0,2023-03-03,2023-03-14,2023-03-28,2024-02-24,2024-02-29,2024-02-29,15:43:00,10:41:00,12:49:00,12:35:00,11:45:00,23:45:00,0,1,0,0,0,0,22.9,19.2,20.7,21.5,21.5,21.5,0,0,0,0,0,0,58.3,48,62.4,56,68,68,0,NA,NA,8.571428571428573,18.796296296296294,11.851851851851853,100,20,100,40,80,80,2,2,2,2,1,1,0.6,0.78,17.2,0.92,0.13,0.13,0.51,4.909999999999999,30.02,10.28,3.78,3.78,4.64,0.37,15.62,0,0.06,0.06,17.69,16.03,15.19,16.49,23.74,23.74,-0.7071067811865479,-0.8660254037844387,-1,-1,-0.9659258262890682,0.9659258262890681,-0.7071067811865471,0.49999999999999994,1.2246467991473532e-16,1.2246467991473532e-16,0.258819045102521,-0.25881904510252157,148.9,-35.53000000000001,ACT,1346,1,0,13.484848484848486,1,1,1,1,1,1,1,1.6666666666666667,20,50,20,5,5,5,50,1
21,0,0,0,0,0,0,0,0,0,0,0,0,0,1,2,1,0,0,0,1.5625,2.333333333333333,0.14285714285714288,0.5,0.38461538461538464,2.1818181818181817,2023-03-14,2023-03-27,2023-04-05,2024-02-24,2024-02-29,2024-03-12,10:30:00,14:40:00,11:15:00,16:15:00,14:55:00,09:10:00,0,0,0,1,0,0,22,23,21,24.9,30,23.5,0,0.31666666666666665,0,0,1,1,44,54.733333333333334,52.4,47,52,51,0,NA,NA,8.571428571428573,18.796296296296294,11.851851851851853,70,90,70,20,100,10,1,2,2,1,1,1,0.78,2.68,0.04,0.92,0.13,0,4.909999999999999,27.38,17.61,10.28,3.78,3.68,0.37,17.2,0.01,0,0.06,0.08,16.03,14.38,14.2,16.49,23.74,21.54,-0.8660254037844387,-0.8660254037844388,-0.9659258262890682,-0.5000000000000004,-0.8660254037844388,-0.7071067811865475,0.49999999999999994,-0.4999999999999998,0.258819045102521,-0.8660254037844384,-0.4999999999999998,0.7071067811865476,148.93,-35.43999999999999,ACT,679,0,1,13.484848484848486,1,1,1,0,0,0,1,0.6666666666666666,5,20,5,0,0,0,20,1
22,0,0,0,0,0,0,0,0,0,0,0,0,0,1,1,1,0,0,2,1.5625,2.333333333333333,0.14285714285714288,0.5,0.38461538461538464,2.1818181818181817,2023-03-03,2023-03-14,2023-04-03,2024-02-27,2024-03-04,2024-03-18,10:01:00,13:45:00,15:46:00,12:10:00,11:58:00,18:42:00,0,0,0,0,1,0,18.9,23.8,18.3,21.5,19.5,18.8,0,1.3,1.7,1.7,1.7,0,69.3,49.3,55.2,69.2,38,71.3,0,NA,NA,0,0,0,100,30,20,70,0,50,2,4,2,2,1,2,0.98,1.35,0.14,0.05,0.02,3.31,0.8300000000000001,7.84,37.07,7.01,0.2,9.87,2.24,0.86,0.56,0,0.02,3.09,16.05,14.62,11.71,17.8,13.76,14.64,-0.8660254037844387,-0.9659258262890683,-0.7071067811865479,-1,-0.9659258262890682,-1.8369701987210297e-16,0.49999999999999994,-0.2588190451025208,-0.7071067811865471,1.2246467991473532e-16,0.258819045102521,-1,148.97,-35.88,ACT,1230,0,0,0,1,1,1,0,0,1,1,0.8333333333333334,5,5,5,0,0,20,20,1
23,0,0,0,0,0,0,0,0,0,0,0,0,0,1,1,1,1,0,0,1.5625,2.333333333333333,0.14285714285714288,0.5,0.38461538461538464,2.1818181818181817,2023-03-13,2023-03-27,2023-04-10,2024-02-28,2024-03-17,2024-03-28,15:41:00,16:27:00,16:47:00,11:28:00,18:23:00,15:36:00,0,0,0,0,0,0,24,22,16,28,16.2,24.8,0.5,0.31666666666666665,0.3142857142857143,0,0,0,58.44444444444444,54.733333333333334,58.971428571428575,63,85.9,48.5,0,NA,NA,40,50,40,50,99,20,20,100,30,1,1,1,1,2,1,2.36,2.68,0.05,0.04,2.57,0,3.3499999999999996,27.38,16.64,4.05,7.87,0.18,0.78,17.2,0,0.13,1.43,0.01,13.63,14.38,6.39,22.34,13.68,15.98,-0.7071067811865479,-0.5000000000000004,-0.5000000000000004,-0.9659258262890682,-1.8369701987210297e-16,-0.7071067811865479,-0.7071067811865471,-0.8660254037844384,-0.8660254037844384,0.258819045102521,-1,-0.7071067811865471,148.87,-35.31999999999999,ACT,657,0,1,43.333333333333336,1,1,1,1,0,0,1,0.6666666666666666,5,5,5,5,0,0,5,0
24,0,0,0,0,NA,NA,NA,0,0,0,0.43859649122807015,0.5499999999999999,0.33333333333333337,1,1,1,0.7192982456140351,0.7,0.7333333333333333,1.5625,2.333333333333333,0.14285714285714288,0.5,0.38461538461538464,2.1818181818181817,2023-03-13,2023-03-27,2023-04-10,NA,NA,NA,15:58:00,16:41:00,16:57:00,NA,NA,NA,1,1,1,0.4705882352941176,0.21621621621621623,0.16666666666666669,24,22,16,23.65438596491228,21.623333333333335,19.948333333333334,0.5,0.31666666666666665,0.3142857142857143,0.5454545454545454,0.675,0.4083333333333333,58.44444444444444,54.733333333333334,58.971428571428575,62.38181818181818,59.63333333333333,64.19166666666666,0,NA,NA,8.571428571428573,18.796296296296294,11.851851851851853,50,99,20,36.14035087719298,45.83333333333333,34.91666666666667,1,1,1,1.4736842105263157,1.0833333333333333,1.0333333333333334,2.36,2.68,0.05,0.3531578947368421,1.6946666666666663,0.5836666666666667,3.3499999999999996,27.38,16.64,14.601052631578947,12.05583333333333,8.878,0.78,17.2,0,0.5864912280701755,0.859,1.508,13.63,14.38,6.39,19.164210526315788,16.64,15.335333333333333,-0.7071067811865479,-0.5000000000000004,-0.5000000000000004,-0.5017201995213441,-0.4486812075910252,-0.541414574885065,-0.7071067811865471,-0.8660254037844384,-0.8660254037844384,-0.524746321077785,-0.5017559551482313,-0.4313131371058496,148.87,-35.31999999999999,ACT,660,0,1,13.484848484848486,1,1,1,0.5614035087719298,0.55,0.6333333333333333,1,1,5,5,5,5.175438596491229,5.5,4.666666666666666,5,1
25,0,0,0,0,NA,0,0,0,0,0,0.43859649122807015,0,0,1,2,1,0.7192982456140351,1,1,1.5625,2.333333333333333,0.14285714285714288,0.5,0.38461538461538464,2.1818181818181817,2023-03-13,2023-03-27,2023-04-10,NA,2024-03-17,2024-03-28,16:43:00,17:14:00,17:22:00,NA,17:37:00,16:01:00,1,0,0,0.4705882352941176,1,0,24,22,15,23.65438596491228,17.3,10,0.5,0.31666666666666665,0.3142857142857143,0.5454545454545454,0,0,58.44444444444444,54.733333333333334,58.971428571428575,62.38181818181818,86.4,100,0,NA,NA,8.571428571428573,50,50,50,100,20,36.14035087719298,0,0,1,1,1,1.4736842105263157,1,1,2.36,2.68,0.05,0.3531578947368421,2.57,0,3.3499999999999996,27.38,16.64,14.601052631578947,7.87,0.18,0.78,17.2,0,0.5864912280701755,1.43,0.01,13.63,14.38,6.39,19.164210526315788,13.68,15.98,-0.5000000000000004,-0.25881904510252063,-0.25881904510252063,-0.5017201995213441,-0.25881904510252063,-0.5000000000000004,-0.8660254037844384,-0.9659258262890683,-0.9659258262890683,-0.524746321077785,-0.9659258262890683,-0.8660254037844384,148.83,-35.32,ACT,737,0,1,50,1,1,1,0.5614035087719298,1,1,1,1.2,5,20,5,5.175438596491229,5,5,20,1
26,0,0,0,0,0,0,0,0,0,0,0,0,0,0,1,0,1,0,1,1.5625,2.333333333333333,0.14285714285714288,0.5,0.38461538461538464,2.1818181818181817,2023-03-13,2023-03-27,2023-04-10,2024-02-28,2024-03-17,2024-03-28,16:16:00,16:52:00,17:11:00,11:50:00,18:00:00,16:36:00,1,0,0,0,0,0,23,22,15,29,17.5,23.9,0.5,0.31666666666666665,0.3142857142857143,0,0,0,58.44444444444444,54.733333333333334,58.971428571428575,61.5,84.5,53.6,0,NA,NA,5,50,50,60,100,20,0,100,0,1,2,1,1,2,1,2.36,2.68,0.05,0.04,2.57,0,3.3499999999999996,27.38,16.64,4.05,7.87,0.18,0.78,17.2,0,0.13,1.43,0.01,13.63,14.38,6.39,22.34,13.68,15.98,-0.5000000000000004,-0.5000000000000004,-0.25881904510252063,-0.9659258262890682,-1.8369701987210297e-16,-0.5000000000000004,-0.8660254037844384,-0.8660254037844384,-0.9659258262890683,0.258819045102521,-1,-0.8660254037844384,148.85,-35.32000000000001,ACT,770,0,1,35,0,1,0,1,0,1,1,0.5,0,5,0,5,0,5,5,1
27,0,0,0,0,NA,NA,NA,0,0,0,0.43859649122807015,0.5499999999999999,0.33333333333333337,0,1,0,0.7192982456140351,0.7,0.7333333333333333,1.5625,2.333333333333333,0.14285714285714288,0.5,0.38461538461538464,2.1818181818181817,2023-03-13,2023-03-27,2023-04-10,NA,NA,NA,16:52:00,17:19:00,17:26:00,NA,NA,NA,0,0,0,0.4705882352941176,0.21621621621621623,0.16666666666666669,24,22,15,23.65438596491228,21.623333333333335,19.948333333333334,0.5,0.31666666666666665,0.3142857142857143,0.5454545454545454,0.675,0.4083333333333333,58.44444444444444,54.733333333333334,58.971428571428575,62.38181818181818,59.63333333333333,64.19166666666666,0,NA,NA,8.571428571428573,18.796296296296294,11.851851851851853,50,100,20,36.14035087719298,45.83333333333333,34.91666666666667,1,1,1,1.4736842105263157,1.0833333333333333,1.0333333333333334,2.36,2.68,0.05,0.3531578947368421,1.6946666666666663,0.5836666666666667,3.3499999999999996,27.38,16.64,14.601052631578947,12.05583333333333,8.878,0.78,17.2,0,0.5864912280701755,0.859,1.508,13.63,14.38,6.39,19.164210526315788,16.64,15.335333333333333,-0.5000000000000004,-0.25881904510252063,-0.25881904510252063,-0.5017201995213441,-0.4486812075910252,-0.541414574885065,-0.8660254037844384,-0.9659258262890683,-0.9659258262890683,-0.524746321077785,-0.5017559551482313,-0.4313131371058496,148.83,-35.32,ACT,770,0,1,13.484848484848486,0,1,0,0.5614035087719298,0.55,0.6333333333333333,1,0.3333333333333333,0,5,0,5.175438596491229,5.5,4.666666666666666,5,0.4705882352941176
28,13,0,NA,NA,0,0,0,0,0.328125,0.2758620689655173,0,0,0,1,0.90625,0.9655172413793103,2,1,2,1.5625,2.333333333333333,0.14285714285714288,0.5,0.38461538461538464,2.1818181818181817,2023-03-03,NA,NA,2024-02-27,2024-03-04,2024-03-18,11:28:00,NA,NA,10:37:00,14:00:00,20:15:00,1,0.29729729729729726,0.3142857142857143,0,1,0,22.4,16.3171875,18.755172413793105,16.2,22.3,18.6,0.5,0.31666666666666665,0.3142857142857143,0,1.2,0,62.5,54.733333333333334,58.971428571428575,75.8,36.7,69.7,0,NA,NA,0,0,0,100,48.25,52.15517241379311,100,0,50,4,1.484375,1.3275862068965518,2,1,1,0.98,3.63109375,1.0705172413793103,0.05,0.02,3.31,0.8300000000000001,24.08578125,22.002241379310345,7.01,0.2,9.87,2.24,2.49546875,3.003448275862069,0,0.02,3.09,16.05,14.016562500000001,13.826379310344828,17.8,13.76,14.64,-0.9659258262890682,-0.6902844832766486,-0.6213726374977643,-0.8660254037844387,-0.8660254037844388,0.5000000000000001,0.258819045102521,-0.2733119547806826,-0.42000680212321434,0.49999999999999994,-0.4999999999999998,-0.8660254037844386,148.97,-35.79000000000001,ACT,1121,1,0,0,1,0.65625,0.7413793103448276,1,1,1,1,1.5,5,8.984375,7.586206896551725,20,5,20,20,1
29,13,0,NA,NA,0,0,0,0,0.328125,0.2758620689655173,0,0,0,2,0.90625,0.9655172413793103,2,0,2,1.5625,2.333333333333333,0.14285714285714288,0.5,0.38461538461538464,2.1818181818181817,2023-03-03,NA,NA,2024-02-27,2024-03-04,2024-03-18,12:02:00,NA,NA,10:55:00,13:33:00,20:41:00,0,0.29729729729729726,0.3142857142857143,0,0,0,25.3,16.3171875,18.755172413793105,15.7,22.1,16,1,0.31666666666666665,0.3142857142857143,1.7,3.2,0,62.4,54.733333333333334,58.971428571428575,67.1,36.7,80.8,0,NA,NA,0,0,0,100,48.25,52.15517241379311,100,0,30,2,1.484375,1.3275862068965518,2,1,2,0.98,3.63109375,1.0705172413793103,0.05,0.02,3.31,0.8300000000000001,24.08578125,22.002241379310345,7.01,0.2,9.87,2.24,2.49546875,3.003448275862069,0,0.02,3.09,16.05,14.016562500000001,13.826379310344828,17.8,13.76,14.64,-1,-0.6902844832766486,-0.6213726374977643,-0.8660254037844387,-0.9659258262890683,0.5000000000000001,1.2246467991473532e-16,-0.2733119547806826,-0.42000680212321434,0.49999999999999994,-0.2588190451025208,-0.8660254037844386,148.97,-35.78000000000001,ACT,1109,1,0,0,1,0.65625,0.7413793103448276,1,0,1,1,1.5,20,8.984375,7.586206896551725,20,0,20,20,0.3142857142857143
30,17,0,1,0,0,1,0,0,1,0,0,1,0,4,3,1,1,0,1,1.5625,10,0.14285714285714288,0.5,0.38461538461538464,2.1818181818181817,2023-03-03,2023-03-14,2023-03-28,2024-02-24,2024-02-29,2024-03-12,17:03:00,09:41:00,12:19:00,13:25:00,12:30:00,12:55:00,0,0,0,1,0,0,24.6,18.3,20.1,22,25,26.5,0,0,0.5,0,1,1,52.8,54.6,62.6,68,82,55,0,NA,NA,8.571428571428573,18.796296296296294,11.851851851851853,100,10,80,40,100,20,1,1,2,1,1,0,0.6,0.78,17.2,0.92,0.13,0,0.51,4.909999999999999,30.02,10.28,3.78,3.68,4.64,0.37,15.62,0,0.06,0.08,17.69,16.03,15.19,16.49,23.74,21.54,-0.25881904510252063,-0.7071067811865475,-1,-0.9659258262890683,-1,-1,-0.9659258262890683,0.7071067811865476,1.2246467991473532e-16,-0.2588190451025208,1.2246467991473532e-16,1.2246467991473532e-16,148.91,-35.53999999999999,ACT,1328,1,1,13.484848484848486,1,1,1,1,0,1,1,1.6666666666666667,100,50,5,5,0,5,100,1
31,7,0,0,1,1,1,1,0,0,1,1,2,1,1,1,2,1,0,0,1.5625,2.333333333333333,0.14285714285714288,0,0.38461538461538464,2.1818181818181817,2023-03-03,2023-03-14,2023-03-27,2024-02-24,2024-02-29,2024-03-12,16:19:00,11:10:00,16:05:00,15:05:00,10:50:00,11:05:00,0,0,0,0,0,0,19.7,21.2,17,21.5,24,23,2,0,0,0,0,1,65.3,52,60,45,44,54,0,NA,NA,8.571428571428573,18.796296296296294,11.851851851851853,100,20,100,40,70,10,1,1,2,1,1,1,0.6,0.78,2.68,0.92,0.13,0,0.51,4.909999999999999,27.38,10.28,3.78,3.68,4.64,0.37,17.2,0,0.06,0.08,17.69,16.03,14.38,16.49,23.74,21.54,-0.5000000000000004,-0.9659258262890682,-0.5000000000000004,-0.7071067811865479,-0.8660254037844387,-0.9659258262890682,-0.8660254037844384,0.258819045102521,-0.8660254037844384,-0.7071067811865471,0.49999999999999994,0.258819045102521,148.91,-35.519999999999996,ACT,1220,1,1,13.484848484848486,1,1,1,1,0,0,1,0.8333333333333334,5,5,20,5,0,0,20,0
32,7,0,1,0,0,0,0,0,1,0,0,0,0,2,1,3,0,0,0,1.5625,15,0.14285714285714288,0.5,0.38461538461538464,2.1818181818181817,2023-03-03,2023-03-14,2023-03-27,2024-02-24,2024-02-29,2024-03-12,17:02:00,09:19:00,15:45:00,11:40:00,14:05:00,10:35:00,0,1,1,0,0,0,24.6,21.3,17,23.4,27,23.5,0,0,0,0,0,1,52.8,56.3,60,56,68,51,0,NA,NA,8.571428571428573,18.796296296296294,11.851851851851853,100,5,100,20,80,10,1,1,2,2,2,1,0.6,0.78,2.68,0.92,0.13,0,0.51,4.909999999999999,27.38,10.28,3.78,3.68,4.64,0.37,17.2,0,0.06,0.08,17.69,16.03,14.38,16.49,23.74,21.54,-0.25881904510252063,-0.7071067811865475,-0.7071067811865479,-0.9659258262890682,-0.8660254037844388,-0.8660254037844387,-0.9659258262890683,0.7071067811865476,-0.7071067811865471,0.258819045102521,-0.4999999999999998,0.49999999999999994,148.91,-35.519999999999996,ACT,1212,1,1,13.484848484848486,1,1,1,0,0,0,1,1,20,5,50,0,0,0,50,1
34,21,0,0,0,0,0,0,0,0,0,0,0,0,1,1,1,2,1,1,1.5625,2.333333333333333,0.14285714285714288,0.5,0.38461538461538464,2.1818181818181817,2023-03-03,2023-04-28,2023-04-03,2024-02-27,2024-03-04,2024-03-18,13:42:00,21:58:00,17:03:00,13:26:00,15:12:00,09:17:00,0,1,0,0,0,0,23.3,18,19.6,22,25.5,19.7,1,0.6,0,2.6,0,0.9,58.6,68.2,60.2,77.6,33.4,67.4,0,NA,NA,0,0,0,20,20,60,40,0,10,2,4,2,2,1,2,0.6,9.73,0.2,0.03,0.03,1.43,0.51,0.06,36.059999999999995,4.4,0.3,10.44,4.64,10.28,1.23,0.04,0.05,3.88,17.69,11.98,12.73,18.48,16.22,15.81,-0.9659258262890683,0.7071067811865474,-0.25881904510252063,-0.9659258262890683,-0.7071067811865479,-0.7071067811865475,-0.2588190451025208,-0.7071067811865477,-0.9659258262890683,-0.2588190451025208,-0.7071067811865471,0.7071067811865476,148.99,-35.57999999999999,ACT,1028,1,0,0,1,1,1,1,1,1,1,1.1666666666666667,5,5,5,20,5,5,20,1
35,0,0,0,0,0,0,0,0,0,0,0,0,0,0,0,0,0,1,0,1.5625,2.333333333333333,0.14285714285714288,0.5,0.38461538461538464,2.1818181818181817,2023-03-10,2023-03-29,2023-04-04,2024-02-28,2024-03-17,2024-03-28,14:15:00,11:40:00,17:44:00,13:33:00,16:21:00,14:27:00,0,1,1,1,1,0,23.9,13.8,15.3,29.6,21.1,25.2,0.4,1.6,0,0,1.3,0,32.4,100,52.8,55.3,52.8,46.3,0,NA,NA,0,50,0,20,100,60,10,0,15,1,4,2,2,1,1,0,15.62,1.23,0.04,2.57,0,15.78,43.27,33.58,4.05,7.87,0.18,0,0.46,0.04,0.13,1.43,0.01,14.25,13.22,13.87,22.34,13.68,15.98,-0.8660254037844388,-0.9659258262890682,-0.25881904510252063,-0.9659258262890683,-0.5000000000000004,-0.8660254037844388,-0.4999999999999998,0.258819045102521,-0.9659258262890683,-0.2588190451025208,-0.8660254037844384,-0.4999999999999998,148.52,-35.32,NSW,1017,0,0,16.666666666666668,0,0,0,0,1,0,1,0.16666666666666666,0,0,0,0,5,0,5,1
39,23,0,0,0,0,0,0,0,0,0,0,0,0,0,2,2,0,2,1,1.5625,2.333333333333333,0.14285714285714288,0.5,0.38461538461538464,2.1818181818181817,2023-03-09,2023-03-29,2023-04-04,2024-02-28,2024-03-08,2024-03-21,18:50:00,17:05:00,10:58:00,22:30:00,11:22:00,16:30:00,0,1,1,1,0,0,14.6,10.9,18.7,17.6,23.2,18.6,0.4,2.3,0,0,3.3,1.2,55,100,50.6,80.2,58.6,31.3,0,NA,NA,0,0,0,0,20,90,0,50,0,4,2,1,1,0,3,0,17.66,0.56,0,1.08,0.04,12.38,41.3,33.730000000000004,5.76,0.06,23.37,0,0.4,0.02,0.04,0.15,0,9.3,11.82,12.82,21.03,18.94,9.36,-1.8369701987210297e-16,-0.25881904510252063,-0.8660254037844387,0.8660254037844384,-0.9659258262890682,-0.5000000000000004,-1,-0.9659258262890683,0.49999999999999994,-0.5000000000000004,0.258819045102521,-0.8660254037844384,148.61,-35.93999999999999,NSW,1200,1,0,0,0,1,1,0,1,1,1,1.1666666666666667,0,20,20,0,20,5,20,1
40,0,0,0,0,0,0,0,0,0,0,0,0,0,1,1,2,0,1,1,1.5625,2.333333333333333,0.14285714285714288,0.5,0.38461538461538464,2.1818181818181817,2023-03-09,2023-03-30,2023-04-05,2024-02-29,2024-03-07,2024-03-16,17:10:00,11:51:00,15:32:00,17:47:00,18:34:00,17:06:00,1,0,1,0,0,0,20.2,14.2,16.9,29,24.2,23.5,0.6,0.9,0,1.2,1.6,1.5,42.4,100,59.5,37.4,73.1,41.9,0,NA,NA,15,10,80,0,100,80,30,0,0,1,1,1,1,0,1,0.02,0.47,0.02,0.01,0,0.22,12.22,48.64,20.73,6.43,0.17,5.84,0.01,0.8,0.07,0,0.37,3.44,9.97,8.76,12.97,24.22,19.46,14.08,-0.25881904510252063,-0.9659258262890682,-0.7071067811865479,-0.25881904510252063,-1.8369701987210297e-16,-0.25881904510252063,-0.9659258262890683,0.258819045102521,-0.7071067811865471,-0.9659258262890683,-1,-0.9659258262890683,148.59,-36.35,NSW,1031,0,1,35,1,1,1,0,1,1,1,1,5,5,20,0,5,5,20,1
41,0,0,0,0,0,0,0,0,0,0,0,0,0,1,1,1,1,0,1,1.5625,2.333333333333333,0.14285714285714288,0.5,0.38461538461538464,2.1818181818181817,2023-03-09,2023-03-30,2023-04-05,2024-02-29,2024-03-07,2024-03-16,16:50:00,11:28:00,15:07:00,17:25:00,18:54:00,16:43:00,0,1,0,1,0,0,24.2,10.6,19.7,27.7,24.1,23.4,0.4,0.7,0,3.2,1.1,1.4,47.7,100,42.7,39.7,70.3,37.3,0,NA,NA,10,0,10,0,100,10,80,0,0,0,1,1,1,1,1,0.02,0.47,0.02,0.01,0,0.22,12.22,48.64,20.73,6.43,0.17,5.84,0.01,0.8,0.07,0,0.37,3.44,9.97,8.76,12.97,24.22,19.46,14.08,-0.5000000000000004,-0.9659258262890682,-0.7071067811865479,-0.25881904510252063,-1.8369701987210297e-16,-0.5000000000000004,-0.8660254037844384,0.258819045102521,-0.7071067811865471,-0.9659258262890683,-1,-0.8660254037844384,148.56,-36.35000000000001,NSW,1208,0,1,6.666666666666667,1,1,1,1,0,1,1,0.8333333333333334,5,5,5,5,0,5,5,1
42,0,0,0,0,0,0,0,0,0,0,0,0,0,1,1,0,0,0,1,1.5625,2.333333333333333,0.14285714285714288,0.5,0.38461538461538464,2.1818181818181817,2023-03-09,2023-03-30,2023-04-05,2024-02-29,2024-03-07,2024-03-16,15:49:00,11:04:00,14:50:00,16:48:00,20:50:00,16:21:00,0,0,0,0,0,0,15.6,5.7,18.2,29.4,13.1,25.1,0.3,2.3,0.7,6.6,1,3.1,45.2,100,50.3,37.7,60.30977011494253,32.9,0,NA,NA,0,0,20,0,100,20,80,100,0,2,2,2,2,1,1,0.02,0.47,0.02,0.01,0,0.22,12.22,48.64,20.73,6.43,0.17,5.84,0.01,0.8,0.07,0,0.37,3.44,9.97,8.76,12.97,24.22,19.46,14.08,-0.7071067811865479,-0.9659258262890682,-0.8660254037844388,-0.5000000000000004,0.5000000000000001,-0.5000000000000004,-0.7071067811865471,0.258819045102521,-0.4999999999999998,-0.8660254037844384,-0.8660254037844386,-0.8660254037844384,148.51,-36.36,NSW,1577,0,1,6.666666666666667,1,1,0,0,0,1,1,0.5,5,5,0,0,0,5,5,0
43,0,1,1,0,0,1,1,1,1,0,0,1,1,1,3,1,1,1,1,1,1,0.14285714285714288,0.5,0.38461538461538464,1,2023-03-09,2023-03-29,2023-04-05,2024-02-29,2024-03-07,2024-03-16,16:25:00,19:44:00,14:30:00,16:17:00,21:12:00,15:50:00,0,0,0,0,0,0,21.2,11.1,20.1,30,17,22.6,0,0,0.4,1.1,0,1.5,49.1,100,54.2,43.2,60.30977011494253,39.8,0,NA,NA,0,0,0,0,80,60,80,100,0,0,2,3,1,1,0,0.02,18.77,0.02,0.01,0,0.22,12.22,37.89,20.73,6.43,0.17,5.84,0.01,0.47,0.07,0,0.37,3.44,9.97,11.39,12.97,24.22,19.46,14.08,-0.5000000000000004,0.2588190451025203,-0.8660254037844388,-0.5000000000000004,0.7071067811865474,-0.7071067811865479,-0.8660254037844384,-0.9659258262890684,-0.4999999999999998,-0.8660254037844384,-0.7071067811865477,-0.7071067811865471,148.47,-36.32,NSW,1277,0,1,0,1,1,1,1,1,1,1,1.3333333333333333,5,50,5,5,5,5,50,0
44,0,0,0,0,0,0,0,0,0,0,0,0,0,0,0,1,0,0,1,1.5625,2.333333333333333,0.14285714285714288,0.5,0.38461538461538464,2.1818181818181817,2023-03-09,2023-03-30,2023-04-05,2024-02-29,2024-03-07,2024-03-16,15:03:00,09:56:00,13:25:00,15:05:00,20:06:00,14:45:00,0,0,1,0,0,1,15.9,5.5,15.8,28.4,14.8,22.6,1.1,2,0,4.1,1,1.8,57.5,100,57.3,42.7,60.30977011494253,34.2,0,NA,NA,0,0,0,0,30,90,5,100,10,1,1,1,1,1,1,0.02,0.47,0.02,0.01,0,0.22,12.22,48.64,20.73,6.43,0.17,5.84,0.01,0.8,0.07,0,0.37,3.44,9.97,8.76,12.97,24.22,19.46,14.08,-0.7071067811865479,-0.7071067811865475,-0.9659258262890683,-0.7071067811865479,0.5000000000000001,-0.8660254037844388,-0.7071067811865471,0.7071067811865476,-0.2588190451025208,-0.7071067811865471,-0.8660254037844386,-0.4999999999999998,148.45,-36.379999999999995,NSW,1571,0,1,0,0,0,1,0,0,1,1,0.3333333333333333,0,0,5,0,0,5,5,1
46,0,0,0,NA,0,0,0,0,0,0.2758620689655173,0,0,0,0,0,0.9655172413793103,0,0,0,1.5625,2.333333333333333,0.14285714285714288,0.5,0.38461538461538464,2.1818181818181817,2023-03-09,2023-04-05,NA,2024-02-29,2024-04-07,2024-03-16,12:30:00,11:35:00,NA,13:15:00,13:58:00,11:49:00,0,0,0.3142857142857143,1,0,1,18.5,21.6,18.755172413793105,27.6,29.8,22.3,0.6,0.5,0.365,2.3,1.4,1.8,46.5,49.9,60.888333333333335,50.9,40.8,59.3,0,NA,NA,0,20,0,0,70,52.15517241379311,0,0,0,1,2,1.3275862068965518,1,1,1,0.1,0,1.0705172413793103,0.06,7.11,0.1,17.69,28.9,22.002241379310345,6.97,44.66,4.21,0.07,0.17,3.003448275862069,0.01,0.58,1.63,10.42,14.62,13.826379310344828,24.08,13.18,15.58,-1,-0.9659258262890682,-0.6213726374977643,-0.9659258262890683,-0.9659258262890683,-0.9659258262890682,1.2246467991473532e-16,0.258819045102521,-0.42000680212321434,-0.2588190451025208,-0.2588190451025208,0.258819045102521,148.36,-36.480000000000004,NSW,1274,0,1,6.666666666666667,0,0,0.7413793103448276,0,0,0,0,0,0,0,7.586206896551725,0,0,0,0,1
47,0,0,0,0,0,0,0,0,0,0,0,0,0,0,1,1,0,0,0,1.5625,2.333333333333333,0.14285714285714288,0.5,0.38461538461538464,2.1818181818181817,2023-03-09,2023-03-30,2023-04-05,2024-02-29,2024-03-07,2024-03-16,12:01:00,13:35:00,11:50:00,12:49:00,13:36:00,11:29:00,1,0,0,1,0,0,18.5,10.7,20.9,26.8,28.6,19,0.6,0.7,0.7,2.8,1.4,0.9,51,100,47.5,50.2,45.3,52,0,NA,NA,0,0,0,0,100,60,60,0,0,2,2,2,4,1,2,0.1,0.65,0,0.06,0,0.1,17.69,54.53,28.9,6.97,0.23,4.21,0.07,1,0.17,0.01,0.03,1.63,10.42,8.94,14.62,24.08,20.56,15.58,-1,-0.9659258262890683,-0.9659258262890682,-1,-0.9659258262890683,-0.9659258262890682,1.2246467991473532e-16,-0.2588190451025208,0.258819045102521,1.2246467991473532e-16,-0.2588190451025208,0.258819045102521,148.35000000000002,-36.47999999999999,NSW,1300,0,1,0,0,1,1,0,0,0,1,0.3333333333333333,0,5,5,0,0,0,5,1
48,12,0,NA,NA,NA,NA,NA,0,0.328125,0.2758620689655173,0.43859649122807015,0.5499999999999999,0.33333333333333337,0,0.90625,0.9655172413793103,0.7192982456140351,0.7,0.7333333333333333,1.5625,2.333333333333333,0.14285714285714288,0.5,0.38461538461538464,2.1818181818181817,2023-03-09,NA,NA,NA,NA,NA,11:05:00,NA,NA,NA,NA,NA,0,0.29729729729729726,0.3142857142857143,0.4705882352941176,0.21621621621621623,0.16666666666666669,18,16.3171875,18.755172413793105,23.65438596491228,21.623333333333335,19.948333333333334,0,0.7050505050505051,0.365,1.3189393939393939,1.5750000000000002,1.4470430107526882,59.4,68.83282828282829,60.888333333333335,55.902424242424246,60.30977011494253,57.40295698924731,0,NA,NA,8.571428571428573,18.796296296296294,11.851851851851853,30,48.25,52.15517241379311,36.14035087719298,45.83333333333333,34.91666666666667,1,1.484375,1.3275862068965518,1.4736842105263157,1.0833333333333333,1.0333333333333334,0.1,3.63109375,1.0705172413793103,0.3531578947368421,1.6946666666666663,0.5836666666666667,17.69,24.08578125,22.002241379310345,14.601052631578947,12.05583333333333,8.878,0.07,2.49546875,3.003448275862069,0.5864912280701755,0.859,1.508,10.42,14.016562500000001,13.826379310344828,19.164210526315788,16.64,15.335333333333333,-0.9659258262890682,-0.6902844832766486,-0.6213726374977643,-0.5017201995213441,-0.4486812075910252,-0.541414574885065,0.258819045102521,-0.2733119547806826,-0.42000680212321434,-0.524746321077785,-0.5017559551482313,-0.4313131371058496,148.19,-36.529999999999994,NSW,1015,1,0,13.484848484848486,0,0.65625,0.7413793103448276,0.5614035087719298,0.55,0.6333333333333333,0,0,0,8.984375,7.586206896551725,5.175438596491229,5.5,4.666666666666666,0,0.4705882352941176
49,0,0,0,0,0,0,0,0,0,0,0,0,0,0,0,1,0,1,0,1.5625,2.333333333333333,0.14285714285714288,0.5,0.38461538461538464,2.1818181818181817,2023-03-10,2023-03-29,2023-04-04,2024-02-28,2024-04-08,2024-03-21,11:21:00,15:53:00,13:52:00,20:01:00,14:22:00,13:34:00,0,0,0,1,0,0,20.1,10.4,20.1,16.3,28.4,18.4,0.8,1.1,0.3,0,1.7,5.5,50.2,100,49.4,56.2,49.8,39,0,NA,NA,0,0,10,0,100,40,0,10,0,1,3,2,2,1,1,0,15.62,1.23,0.04,0.45,0.03,15.78,43.27,33.58,4.05,57.62,22.28,0,0.46,0.04,0.13,4.62,0.03,14.25,13.22,13.87,22.34,11.53,10.74,-0.9659258262890682,-0.7071067811865479,-0.9659258262890683,0.5000000000000001,-0.8660254037844388,-0.9659258262890683,0.258819045102521,-0.7071067811865471,-0.2588190451025208,-0.8660254037844386,-0.4999999999999998,-0.2588190451025208,148.57,-35.65,NSW,1365,0,1,3.3333333333333335,0,0,1,0,1,0,1,0.3333333333333333,0,0,5,0,5,0,5,1
50,0,0,0,0,0,0,0,0,0,0,0,0,0,1,1,1,2,1,1,1.5625,2.333333333333333,0.14285714285714288,0.5,0.38461538461538464,2.1818181818181817,2023-03-10,2023-03-29,2023-04-04,2024-02-28,2024-04-08,2024-03-21,10:52:00,15:10:00,13:15:00,19:17:00,13:40:00,14:56:00,0,0,0,0,1,1,16,11,19.2,21.9,22.5,21.5,1.8,1.3,0,0,4.5,2.7,43,100,55.6,61.5,61.4,27.7,0,NA,NA,0,5,10,0,100,80,5,40,0,1,2,1,1,0,1,0,15.62,1.23,0.04,0.45,0.03,15.78,43.27,33.58,4.05,57.62,22.28,0,0.46,0.04,0.13,4.62,0.03,14.25,13.22,13.87,22.34,11.53,10.74,-0.8660254037844387,-0.7071067811865479,-0.9659258262890683,0.2588190451025203,-0.9659258262890683,-0.8660254037844388,0.49999999999999994,-0.7071067811865471,-0.2588190451025208,-0.9659258262890684,-0.2588190451025208,-0.4999999999999998,148.62,-35.6,NSW,1372,0,1,5,1,1,1,1,1,1,1,1.1666666666666667,5,5,5,20,5,5,20,1
51,0,0,0,0,0,0,0,0,0,0,0,0,0,0,0,0,0,1,0,1.5625,2.333333333333333,0.14285714285714288,0.5,0.38461538461538464,2.1818181818181817,2023-03-10,2023-03-29,2023-04-04,2024-02-28,2024-04-08,2024-03-21,10:25:00,14:30:00,12:35:00,18:36:00,13:01:00,15:42:00,0,0,1,0,0,0,17.7,12,16.5,24.8,29.3,22.1,0,1.6,0.6,1.3,1.9,1.3,51.9,100,61.2,48.7,48.6,33.7,0,NA,NA,5,10,0,0,100,100,50,80,0,0,2,1,1,1,2,0,15.62,1.23,0.04,0.45,0.03,15.78,43.27,33.58,4.05,57.62,22.28,0,0.46,0.04,0.13,4.62,0.03,14.25,13.22,13.87,22.34,11.53,10.74,-0.8660254037844387,-0.8660254037844388,-1,-1.8369701987210297e-16,-0.9659258262890683,-0.7071067811865479,0.49999999999999994,-0.4999999999999998,1.2246467991473532e-16,-1,-0.2588190451025208,-0.7071067811865471,148.62,-35.57,NSW,1380,0,1,5,0,0,0,0,1,0,1,0.16666666666666666,0,0,0,0,5,0,5,1
57,0,1,1,1,1,1,1,2,1,1,3,1,2,0,1,2,2,2,0,0,0,0,0,1,2.1818181818181817,2023-03-08,2023-03-17,2023-03-26,2024-02-29,2024-03-06,2024-03-12,18:19:00,19:01:00,16:32:00,22:08:00,15:40:00,17:54:00,1,1,0,1,0,0,10.8,17.9,24,19.3,28.2,26.1,0.3,0.5,0.5,0,2.4,0,61.8,53,48.3,74.2,31.6,55.5,0,NA,NA,0,70,0,50,0,100,40,20,100,1,1,1,4,1,1,8.92,0.53,0.71,0.02,0,0.01,13.84,6.9799999999999995,27.65,5.31,0.31,0.06,0.29,0,9.25,0,0,1.61,10.55,17.87,15.34,24.08,20.07,21.37,-1.8369701987210297e-16,0.2588190451025203,-0.5000000000000004,0.8660254037844384,-0.7071067811865479,-0.25881904510252063,-1,-0.9659258262890684,-0.8660254037844384,-0.5000000000000004,-0.7071067811865471,-0.9659258262890683,148.09,-36.9,VIC,1178,0,1,23.333333333333332,0,1,1,1,1,0,1,1.1666666666666667,0,5,20,20,20,0,20,1
58,0,0,0,0,NA,0,0,0,0,0,0.43859649122807015,0,0,1,1,3,0.7192982456140351,1,1,1.5625,2.333333333333333,0.14285714285714288,0.5,0.38461538461538464,2.1818181818181817,2023-03-08,2023-03-17,2023-03-26,NA,2024-03-06,2024-03-13,16:11:00,16:24:00,14:45:00,NA,13:46:00,11:38:00,1,0,0,0.4705882352941176,0,0,9.7,20.6,16.1,23.65438596491228,22.1,18,0.4,0.7,0.5,1.3189393939393939,3.7,3.2,76.2,54,71.6,55.902424242424246,57.3,70.6,0,NA,NA,8.571428571428573,0,0,100,0,80,36.14035087719298,0,100,1,1,1,1.4736842105263157,1,1,8.92,0.53,0.71,0.3531578947368421,0,1.61,13.84,6.9799999999999995,27.65,14.601052631578947,0.31,0.06999999999999999,0.29,0,9.25,0.5864912280701755,0,3.52,10.55,17.87,15.34,19.164210526315788,20.07,20.12,-0.5000000000000004,-0.5000000000000004,-0.8660254037844388,-0.5017201995213441,-0.9659258262890683,-0.9659258262890682,-0.8660254037844384,-0.8660254037844384,-0.4999999999999998,-0.524746321077785,-0.2588190451025208,0.258819045102521,148,-37.02,VIC,1520,0,0,0,1,1,1,0.5614035087719298,1,1,1,1.4,5,5,50,5.175438596491229,5,5,50,1
60,0,1,0,0,0,0,0,1,0,0,0,0,0,2,1,1,1,1,1,2,2.333333333333333,0.14285714285714288,0.5,0.38461538461538464,2.1818181818181817,2023-03-08,2023-03-17,2023-03-26,2024-04-01,2024-03-06,2024-03-13,14:58:00,14:31:00,12:35:00,14:20:00,12:24:00,13:05:00,1,0,0,1,0,0,15.2,23.4,19.2,25.5,23,20.8,0.6,1,0.8,5.2,4.7,1.1,74.9,74,74,37.2,55.8,68.6,0,NA,NA,0,0,0,100,0,45,80,20,100,2,1,2,1,2,1,8.92,0.53,0.71,0.09,0,1.61,13.84,6.9799999999999995,27.65,0.8,0.31,0.06999999999999999,0.29,0,9.25,25.94,0,3.52,10.55,17.87,15.34,18.41,20.07,20.12,-0.8660254037844388,-0.8660254037844388,-1,-0.8660254037844388,-1,-0.9659258262890683,-0.4999999999999998,-0.4999999999999998,1.2246467991473532e-16,-0.4999999999999998,1.2246467991473532e-16,-0.2588190451025208,147.95,-37.13,VIC,1199,0,1,0,1,1,1,1,1,1,1,1.1666666666666667,20,5,5,5,5,5,20,1
61,0,0,0,0,0,0,0,0,0,0,0,0,0,0,0,1,1,0,1,1.5625,2.333333333333333,0.14285714285714288,0.5,0.38461538461538464,2.1818181818181817,2023-03-08,2023-03-17,2023-03-26,2023-04-01,2024-03-06,2024-03-13,15:14:00,14:55:00,13:28:00,14:53:00,12:49:00,13:33:00,0,0,1,1,0,1,11.4,22.6,20,27.7,24.7,18.3,1.5,2.8,1.1,1.3,5.9,6.9,82.5,41.8,71.3,40.6,56.8,88,0,NA,NA,8.571428571428573,0,0,100,0,40,10,70,100,1,1,1,1,1,1,8.92,0.53,0.71,0.56,0,1.61,13.84,6.9799999999999995,27.65,52.1,0.31,0.06999999999999999,0.29,0,9.25,0.02,0,3.52,10.55,17.87,15.34,7.77,20.07,20.12,-0.7071067811865479,-0.8660254037844388,-0.9659258262890683,-0.8660254037844388,-1,-0.9659258262890683,-0.7071067811865471,-0.4999999999999998,-0.2588190451025208,-0.4999999999999998,1.2246467991473532e-16,-0.2588190451025208,147.96,-37.14000000000001,VIC,1230,0,1,0,0,0,1,1,0,1,1,0.5,0,0,5,5,0,5,5,1
63,0,0,0,0,0,0,0,0,0,0,0,0,0,1,1,2,1,1,1,1.5625,2.333333333333333,0.14285714285714288,0.5,0.38461538461538464,2.1818181818181817,2023-03-08,2023-03-17,2023-03-26,2023-04-01,2024-03-06,2024-03-13,14:20:00,13:26:00,11:32:00,15:40:00,11:28:00,14:03:00,0,1,0,1,1,0,10.3,19.9,17.2,27.9,20.1,18.6,0.6,0.3,0.5,1.9,2.2,4.7,75.4,54.1,75.6,36,59.1,89.7,0,NA,NA,8.571428571428573,0,0,100,0,100,100,50,100,2,2,3,2,2,2,8.92,0.53,0.71,0.56,0,1.61,13.84,6.9799999999999995,27.65,52.1,0.31,0.06999999999999999,0.29,0,9.25,0.02,0,3.52,10.55,17.87,15.34,7.77,20.07,20.12,-0.8660254037844388,-0.9659258262890683,-0.9659258262890682,-0.7071067811865479,-0.9659258262890682,-0.8660254037844388,-0.4999999999999998,-0.2588190451025208,0.258819045102521,-0.7071067811865471,0.258819045102521,-0.4999999999999998,147.95,-37.16999999999999,VIC,1172,0,1,0,1,1,1,1,1,1,1,1.1666666666666667,5,5,20,5,5,5,20,1
65,0,1,0,0,1,1,1,2,0,0,1,2,1,0,0,1,1,0,2,5,2.333333333333333,0.14285714285714288,0,0,5,2023-03-08,2023-03-17,2023-03-26,2023-04-01,2024-03-05,2024-03-13,13:25:00,12:18:00,10:27:00,16:35:00,18:56:00,14:47:00,1,1,0.3142857142857143,0.4705882352941176,0,0.16666666666666669,14,21.8,17.2,29.7,21,22.7,1.1,0,0.4,0.9,0,0,45.5,51,75,43.1,59.4,62.5,0,NA,NA,8.571428571428573,70,0,100,0,70,70,0,100,2,0,2,1,3,1,8.92,0.53,0.71,0.56,0,1.61,13.84,6.9799999999999995,27.65,52.1,0.31,0.06999999999999999,0.29,0,9.25,0.02,0,3.52,10.55,17.87,15.34,7.77,16.65,20.12,-0.9659258262890683,-1,-0.8660254037844387,-0.5000000000000004,-1.8369701987210297e-16,-0.8660254037844388,-0.2588190451025208,1.2246467991473532e-16,0.49999999999999994,-0.8660254037844384,-1,-0.4999999999999998,147.93,-37.22999999999999,VIC,1080,0,1,23.333333333333332,0,0,1,1,0,1,1,0.6666666666666666,0,0,5,5,0,20,20,1
66,0,0,1,0,1,1,1,0,1,0,1,1,1,0,1,2,1,2,1,1.5625,5,0.14285714285714288,1,2,2,2023-03-08,2023-03-17,2023-03-26,2024-03-01,2024-03-06,2024-03-13,18:00:00,18:39:00,16:10:00,10:20:00,15:22:00,09:40:00,0.33333333333333337,0.29729729729729726,0.3142857142857143,0.4705882352941176,0.21621621621621623,0.16666666666666669,10.8,22.2,21.6,23.2,27.2,17,0,0.2,0.3,1.3,3.9,0,62.6,39.3,60.5,56,34.6,80.5,0,NA,NA,0,10,0,30,0,90,5,5,100,1,1,1,2,2,1,8.92,0.53,0.71,0,0,1.61,13.84,6.9799999999999995,27.65,4.02,0.31,0.06999999999999999,0.29,0,9.25,0.26,0,3.52,10.55,17.87,15.34,19.85,20.07,20.12,-1.8369701987210297e-16,-1.8369701987210297e-16,-0.5000000000000004,-0.8660254037844387,-0.7071067811865479,-0.7071067811865475,-1,-1,-0.8660254037844384,0.49999999999999994,-0.7071067811865471,0.7071067811865476,148.08,-36.879999999999995,VIC,1320,0,1,3.3333333333333335,0,1,1,1,1,1,1,1.1666666666666667,0,5,20,5,20,5,20,0.4705882352941176
67,0,1,0,NA,0,0,0,2,0,0.2758620689655173,0,0,0,0,0,0.9655172413793103,0,0,1,2,2.333333333333333,0.14285714285714288,0.5,0.38461538461538464,2.1818181818181817,2023-03-08,2023-03-17,NA,2024-03-01,2024-03-06,2024-03-13,17:15:00,17:40:00,NA,12:35:00,14:08:00,10:35:00,0.33333333333333337,0.29729729729729726,0.3142857142857143,0.4705882352941176,0.21621621621621623,0.16666666666666669,11.4,22,18.755172413793105,25.7,31,21.4,0,0.4,0.365,2.5,1.5,0,60.4,55.9,60.888333333333335,38.4,35.5,68.3,0,NA,NA,40,10,50,50,0,52.15517241379311,40,10,100,2,0,1.3275862068965518,1,0,0,8.92,0.53,1.0705172413793103,0,0,1.61,13.84,6.9799999999999995,22.002241379310345,4.02,0.31,0.06999999999999999,0.29,0,3.003448275862069,0.26,0,3.52,10.55,17.87,13.826379310344828,19.85,20.07,20.12,-0.25881904510252063,-0.25881904510252063,-0.6213726374977643,-1,-0.8660254037844388,-0.8660254037844387,-0.9659258262890683,-0.9659258262890683,-0.42000680212321434,1.2246467991473532e-16,-0.4999999999999998,0.49999999999999994,147.96,-36.85000000000001,VIC,1244,0,0,33.333333333333336,0,0,0.7413793103448276,0,0,1,1,0.2,0,0,7.586206896551725,0,0,5,5,0.4705882352941176
69,8,0,NA,NA,NA,NA,NA,0,0.328125,0.2758620689655173,0.43859649122807015,0.5499999999999999,0.33333333333333337,0,0.90625,0.9655172413793103,0.7192982456140351,0.7,0.7333333333333333,1.5625,2.333333333333333,0.14285714285714288,0.5,0.38461538461538464,2.1818181818181817,2023-03-07,NA,NA,NA,NA,NA,15:31:00,NA,NA,NA,NA,NA,0.33333333333333337,0.29729729729729726,0.3142857142857143,0.4705882352941176,0.21621621621621623,0.16666666666666669,24.6,16.3171875,18.755172413793105,23.65438596491228,21.623333333333335,19.948333333333334,0.3,0.7050505050505051,0.365,1.3189393939393939,1.5750000000000002,1.4470430107526882,34.8,68.83282828282829,60.888333333333335,55.902424242424246,60.30977011494253,57.40295698924731,0,NA,NA,8.571428571428573,18.796296296296294,11.851851851851853,0,48.25,52.15517241379311,36.14035087719298,45.83333333333333,34.91666666666667,4,1.484375,1.3275862068965518,1.4736842105263157,1.0833333333333333,1.0333333333333334,0.06,3.63109375,1.0705172413793103,0.3531578947368421,1.6946666666666663,0.5836666666666667,13.37,24.08578125,22.002241379310345,14.601052631578947,12.05583333333333,8.878,3.37,2.49546875,3.003448275862069,0.5864912280701755,0.859,1.508,15.88,14.016562500000001,13.826379310344828,19.164210526315788,16.64,15.335333333333333,-0.7071067811865479,-0.6902844832766486,-0.6213726374977643,-0.5017201995213441,-0.4486812075910252,-0.541414574885065,-0.7071067811865471,-0.2733119547806826,-0.42000680212321434,-0.524746321077785,-0.5017559551482313,-0.4313131371058496,148.73,-37.21999999999999,VIC,754,1,1,13.484848484848486,0,0.65625,0.7413793103448276,0.5614035087719298,0.55,0.6333333333333333,0,0,0,8.984375,7.586206896551725,5.175438596491229,5.5,4.666666666666666,0,0.4705882352941176
71,0,1,1,1,1,1,1,2,2,1,2,2,2,0,1,1,1,1,1,0,0,1,0,0,0,2023-03-08,2023-03-17,2023-03-26,2024-03-01,2024-03-06,2024-03-13,10:30:00,18:20:00,15:53:00,11:15:00,15:03:00,10:00:00,0.33333333333333337,0.29729729729729726,0.3142857142857143,0.4705882352941176,0.21621621621621623,0.16666666666666669,15.6,24.7,20.5,25.1,26.4,18.4,0,0,0.3,1,2.4,0,58.4,38.6,66.1,43.3,36.3,80,0,NA,NA,50,50,5,100,0,100,0,0,100,1,1,1,2,1,1,8.92,0.53,0.71,0,0,1.61,13.84,6.9799999999999995,27.65,4.02,0.31,0.06999999999999999,0.29,0,9.25,0.26,0,3.52,10.55,17.87,15.34,19.85,20.07,20.12,-0.8660254037844387,-1.8369701987210297e-16,-0.7071067811865479,-0.9659258262890682,-0.7071067811865479,-0.8660254037844387,0.49999999999999994,-1,-0.7071067811865471,0.258819045102521,-0.7071067811865471,0.49999999999999994,148.03,-36.879999999999995,VIC,988,0,0,35,0,1,1,1,1,1,1,0.8333333333333334,0,5,5,5,5,5,5,0.4705882352941176
72,0,0,0,0,0,0,0,0,0,0,0,0,0,1,0,1,0,0,0,1.5625,2.333333333333333,0.14285714285714288,0.5,0.38461538461538464,2.1818181818181817,2023-03-08,2023-03-17,2023-03-26,2024-03-01,2024-03-06,2024-03-13,11:45:00,15:29:00,13:49:00,15:10:00,13:09:00,12:28:00,0.33333333333333337,0.29729729729729726,0.3142857142857143,0.4705882352941176,0.21621621621621623,0.16666666666666669,13.6,23.2,22.5,30.6,24.8,19.3,0.9,0,0.4,1.3,5.8,0,65.4,43.2,60.4,35.1,56.3,78.6,0,NA,NA,10,100,0,100,0,70,60,70,100,1,0,1,1,0,1,8.92,0.53,0.71,0,0,1.61,13.84,6.9799999999999995,27.65,4.02,0.31,0.06999999999999999,0.29,0,9.25,0.26,0,3.52,10.55,17.87,15.34,19.85,20.07,20.12,-0.9659258262890682,-0.7071067811865479,-0.9659258262890683,-0.7071067811865479,-0.9659258262890683,-1,0.258819045102521,-0.7071067811865471,-0.2588190451025208,-0.7071067811865471,-0.2588190451025208,1.2246467991473532e-16,147.97,-37.13,VIC,1276,0,1,36.666666666666664,1,0,1,0,0,0,1,0.3333333333333333,5,0,5,0,0,0,5,0.4705882352941176
74,0,0,0,0,0,0,0,0,0,0,0,0,0,0,0,1,0,0,1,1.5625,2.333333333333333,0.14285714285714288,0.5,0.38461538461538464,2.1818181818181817,2023-03-08,2023-03-17,2023-03-26,2024-03-01,2024-03-06,2024-03-13,13:49:00,12:42:00,10:50:00,16:15:00,10:46:00,14:27:00,0.33333333333333337,0.29729729729729726,0.3142857142857143,0.4705882352941176,0.21621621621621623,0.16666666666666669,14.2,26.5,21.5,30.5,18,23.3,0,0.4,0.3,1.4,2.2,1,68,40.7,67,46.3,64.2,63,0,NA,NA,10,60,30,90,0,50,100,100,100,1,1,1,1,1,1,8.92,0.53,0.71,0,0,1.61,13.84,6.9799999999999995,27.65,4.02,0.31,0.06999999999999999,0.29,0,9.25,0.26,0,3.52,10.55,17.87,15.34,19.85,20.07,20.12,-0.9659258262890683,-1,-0.8660254037844387,-0.5000000000000004,-0.8660254037844387,-0.8660254037844388,-0.2588190451025208,1.2246467991473532e-16,0.49999999999999994,-0.8660254037844384,0.49999999999999994,-0.4999999999999998,147.93,-37.22999999999999,VIC,1077,0,1,33.333333333333336,0,0,1,0,0,1,1,0.3333333333333333,0,0,5,0,0,5,5,0.4705882352941176
75,0,0,0,0,0,0,0,0,0,0,0,0,0,1,1,0,0,0,0,1.5625,2.333333333333333,0.14285714285714288,0.5,0.38461538461538464,2.1818181818181817,2023-03-08,2023-03-17,2023-03-26,2024-03-01,2024-03-06,2024-03-13,14:42:00,14:00:00,12:05:00,14:44:00,11:58:00,13:50:00,0.33333333333333337,0.29729729729729726,0.3142857142857143,0.4705882352941176,0.21621621621621623,0.16666666666666669,10.8,25.5,21.5,30,23.1,20.5,0.9,0.3,0.4,1.4,3.2,2.7,77.3,40.2,61.8,36.3,56.7,74.4,0,NA,NA,70,70,50,100,0,70,30,50,100,1,1,1,1,1,1,8.92,0.53,0.71,0,0,1.61,13.84,6.9799999999999995,27.65,4.02,0.31,0.06999999999999999,0.29,0,9.25,0.26,0,3.52,10.55,17.87,15.34,19.85,20.07,20.12,-0.8660254037844388,-0.8660254037844388,-1,-0.8660254037844388,-0.9659258262890682,-0.9659258262890683,-0.4999999999999998,-0.4999999999999998,1.2246467991473532e-16,-0.4999999999999998,0.258819045102521,-0.2588190451025208,147.95,-37.14999999999999,VIC,1213,0,1,63.333333333333336,1,1,0,0,0,0,1,0.3333333333333333,5,5,0,0,0,0,5,0.4705882352941176
76,0,0,0,NA,0,0,0,0,0,0.2758620689655173,0,0,0,0,0,0.9655172413793103,0,0,0,1.5625,2.333333333333333,0.14285714285714288,0.5,0.38461538461538464,2.1818181818181817,2023-03-09,2023-04-05,NA,2024-02-29,2024-04-07,2024-03-16,11:35:00,11:05:00,NA,12:20:00,13:08:00,11:00:00,0.33333333333333337,0.29729729729729726,0.3142857142857143,0.4705882352941176,0.21621621621621623,0.16666666666666669,9,19.5,18.755172413793105,23.4,32.7,15.7,0.9,0.4,0.365,4.1,1.5,3.4,67,54.8,60.888333333333335,57.8,33.3,46.8,0,NA,NA,0,0,0,10,10,52.15517241379311,15,5,0,1,1,1.3275862068965518,1,0,0,0.1,0,1.0705172413793103,0.06,7.11,0.1,17.69,28.9,22.002241379310345,6.97,44.66,4.21,0.07,0.17,3.003448275862069,0.01,0.58,1.63,10.42,14.62,13.826379310344828,24.08,13.18,15.58,-0.9659258262890682,-0.9659258262890682,-0.6213726374977643,-1,-0.9659258262890683,-0.9659258262890682,0.258819045102521,0.258819045102521,-0.42000680212321434,1.2246467991473532e-16,-0.2588190451025208,0.258819045102521,148.26,-36.519999999999996,NSW,1560,0,0,0,0,0,0.7413793103448276,0,0,0,0,0,0,0,7.586206896551725,0,0,0,0,0.4705882352941176
77,0,0,0,0,0,0,0,0,0,0,0,0,0,1,3,1,1,1,1,1.5625,2.333333333333333,0.14285714285714288,0.5,0.38461538461538464,2.1818181818181817,2023-03-09,2023-03-30,2023-04-05,2024-02-29,2024-04-07,2024-03-16,12:58:00,14:15:00,12:02:00,13:45:00,14:37:00,12:12:00,0.33333333333333337,0.29729729729729726,0.3142857142857143,0.4705882352941176,0.21621621621621623,0.16666666666666669,19.3,10.8,25.8,31.3,28,24.4,0.6,0.9,0,1.7,1.9,1.1,46.3,73.7,36.8,42.6,47.5,47.3,0,NA,NA,0,0,0,0,100,60,0,30,0,2,3,2,1,1,2,0.02,0.47,0.02,0.01,8.62,0.22,12.22,48.64,20.73,6.43,40.16,5.84,0.01,0.8,0.07,0,0.93,3.44,9.97,8.76,12.97,24.22,12.94,14.08,-1,-0.8660254037844388,-1,-0.9659258262890683,-0.8660254037844388,-1,1.2246467991473532e-16,-0.4999999999999998,1.2246467991473532e-16,-0.2588190451025208,-0.4999999999999998,1.2246467991473532e-16,148.45,-36.45,NSW,1150,0,1,0,1,1,1,1,1,1,1,1.3333333333333333,5,50,5,5,5,5,50,0.4705882352941176
78,0,0,0,0,0,0,0,0,0,0,0,0,0,1,0,1,0,1,1,1.5625,2.333333333333333,0.14285714285714288,0.5,0.38461538461538464,2.1818181818181817,2023-03-09,2023-03-30,2023-04-05,2024-02-29,2024-04-07,2024-03-16,14:30:00,09:27:00,12:52:00,14:40:00,19:35:00,14:21:00,0.33333333333333337,0.29729729729729726,0.3142857142857143,0.4705882352941176,0.21621621621621623,0.16666666666666669,13.9,3.7,21.5,27.3,17.9,20.2,1.1,4.1,0.3,2,1.7,2,54.7,100,46,45.6,73.7,40.9,0,NA,NA,0,0,0,0,100,70,0,100,50,1,2,1,1,1,1,0.02,0.47,0.02,0.01,8.62,0.22,12.22,48.64,20.73,6.43,40.16,5.84,0.01,0.8,0.07,0,0.93,3.44,9.97,8.76,12.97,24.22,12.94,14.08,-0.8660254037844388,-0.7071067811865475,-1,-0.8660254037844388,0.2588190451025203,-0.8660254037844388,-0.4999999999999998,0.7071067811865476,1.2246467991473532e-16,-0.4999999999999998,-0.9659258262890684,-0.4999999999999998,148.44,-36.39000000000001,NSW,1628,0,1,0,1,0,1,0,1,1,1,0.6666666666666666,5,0,5,0,5,5,5,0.4705882352941176
79,0,0,0,0,0,0,0,0,0,0,0,0,0,0,0,0,0,0,1,1.5625,2.333333333333333,0.14285714285714288,0.5,0.38461538461538464,2.1818181818181817,2023-03-09,2023-03-30,2023-04-05,2024-02-29,2024-04-07,2024-03-16,14:48:00,10:22:00,13:50:00,15:35:00,20:29:00,15:11:00,0.33333333333333337,0.29729729729729726,0.3142857142857143,0.4705882352941176,0.21621621621621623,0.16666666666666669,20.4,6.2,13.3,27.5,13.8,24.9,0.7,2.1,1.1,3.6,1.1,1.7,43.9,100,67.2,49.1,60.30977011494253,41.3,0,NA,NA,0,0,0,0,80,40,5,100,5,1,1,1,1,1,1,0.02,0.47,0.02,0.01,8.62,0.22,12.22,48.64,20.73,6.43,40.16,5.84,0.01,0.8,0.07,0,0.93,3.44,9.97,8.76,12.97,24.22,12.94,14.08,-0.8660254037844388,-0.8660254037844387,-0.9659258262890683,-0.7071067811865479,0.5000000000000001,-0.7071067811865479,-0.4999999999999998,0.49999999999999994,-0.2588190451025208,-0.7071067811865471,-0.8660254037844386,-0.7071067811865471,148.46,-36.38,NSW,1580,0,1,0,0,0,0,0,0,1,1,0.16666666666666666,0,0,0,0,0,5,5,0.4705882352941176
80,0,0,0,0,0,0,0,0,0,0,0,0,0,1,0,0,1,0,1,1.5625,2.333333333333333,0.14285714285714288,0.5,0.38461538461538464,2.1818181818181817,2023-03-09,2023-03-30,2023-04-05,2024-02-29,2024-04-07,2024-03-16,15:34:00,10:42:00,14:01:00,15:55:00,19:15:00,15:32:00,0.33333333333333337,0.29729729729729726,0.3142857142857143,0.4705882352941176,0.21621621621621623,0.16666666666666669,24.8,6.8,19.6,26.2,17.4,26.4,0,1.7,1.3,1.1,2.6,1.4,35.4,100,53.6,42.5,77.4,33.9,0,NA,NA,0,0,0,0,90,30,80,80,5,2,2,2,4,2,2,0.02,0.47,0.02,0.01,8.62,0.22,12.22,48.64,20.73,6.43,40.16,5.84,0.01,0.8,0.07,0,0.93,3.44,9.97,8.76,12.97,24.22,12.94,14.08,-0.7071067811865479,-0.8660254037844387,-0.8660254037844388,-0.7071067811865479,0.2588190451025203,-0.7071067811865479,-0.7071067811865471,0.49999999999999994,-0.4999999999999998,-0.7071067811865471,-0.9659258262890684,-0.7071067811865471,148.49,-36.36,NSW,1510,0,1,0,1,0,0,1,0,1,1,0.5,5,0,0,5,0,5,5,0.4705882352941176
81,8,0,0,0,NA,NA,NA,0,0,0,0.43859649122807015,0.5499999999999999,0.33333333333333337,0,0,0,0.7192982456140351,0.7,0.7333333333333333,1.5625,2.333333333333333,0.14285714285714288,0.5,0.38461538461538464,2.1818181818181817,2023-03-10,2023-03-29,2023-04-04,NA,NA,NA,09:39:00,17:40:00,11:36:00,NA,NA,NA,0.33333333333333337,0.29729729729729726,0.3142857142857143,0.4705882352941176,0.21621621621621623,0.16666666666666669,9.8,9.4,17.1,23.65438596491228,21.623333333333335,19.948333333333334,0,1.6,1,1.3189393939393939,1.5750000000000002,1.4470430107526882,58.9,100,39.7,55.902424242424246,60.30977011494253,57.40295698924731,0,NA,NA,8.571428571428573,18.796296296296294,11.851851851851853,0,60,40,36.14035087719298,45.83333333333333,34.91666666666667,1,2,1,1.4736842105263157,1.0833333333333333,1.0333333333333334,0,17.66,0.56,0.3531578947368421,1.6946666666666663,0.5836666666666667,12.18,41.3,33.730000000000004,14.601052631578947,12.05583333333333,8.878,0,0.4,0.02,0.5864912280701755,0.859,1.508,13.16,11.82,12.82,19.164210526315788,16.64,15.335333333333333,-0.7071067811865475,-0.25881904510252063,-0.9659258262890682,-0.5017201995213441,-0.4486812075910252,-0.541414574885065,0.7071067811865476,-0.9659258262890683,0.258819045102521,-0.524746321077785,-0.5017559551482313,-0.4313131371058496,148.49,-35.86999999999999,NSW,1369,1,1,13.484848484848486,0,0,0,0.5614035087719298,0.55,0.6333333333333333,0,0,0,0,0,5.175438596491229,5.5,4.666666666666666,0,0.4705882352941176
82,14,0,0,0,1,0,0,0,0,0,1,0,0,0,0,2,0,1,1,1.5625,2.333333333333333,0.14285714285714288,1,0.38461538461538464,2.1818181818181817,2023-03-10,2023-03-29,2023-04-04,2024-02-28,2024-04-08,2024-03-21,09:52:00,16:25:00,11:53:00,20:35:00,12:08:00,15:55:00,0.33333333333333337,0.29729729729729726,0.3142857142857143,0.4705882352941176,0.21621621621621623,0.16666666666666669,13.6,8.8,16.3,23.7,19.3,20.5,0.3,4,0.4,0,5.5,1.1,53.5,100,55,53.7,69.1,43.3,0,NA,NA,0,0,0,0,100,80,0,90,0,1,2,2,1,1,1,0,17.66,0.56,0,0.64,0.04,12.18,41.3,33.730000000000004,5.76,52.74,23.37,0,0.4,0.02,0.04,4.32,0,13.16,11.82,12.82,21.03,10.99,9.36,-0.7071067811865475,-0.5000000000000004,-0.9659258262890682,0.5000000000000001,-1,-0.7071067811865479,0.7071067811865476,-0.8660254037844384,0.258819045102521,-0.8660254037844386,1.2246467991473532e-16,-0.7071067811865471,148.51,-35.779999999999994,NSW,1497,1,0,0,0,0,1,0,1,1,1,0.6666666666666666,0,0,20,0,5,5,20,0.4705882352941176
83,0,0,0,0,0,0,0,0,0,0,0,0,0,0,1,1,1,0,1,1.5625,2.333333333333333,0.14285714285714288,0.5,0.38461538461538464,2.1818181818181817,2023-03-10,2023-03-29,2023-04-04,2024-02-28,2024-04-08,2024-03-21,10:45:00,14:53:00,12:54:00,18:58:00,13:22:00,15:16:00,0.33333333333333337,0.29729729729729726,0.3142857142857143,0.4705882352941176,0.21621621621621623,0.16666666666666669,13.8,12,16.5,22.4,24.3,21.9,0.3,0.4,0.3,0,2.1,1.4,52.8,100,56.6,58.7,58.8,34.3,0,NA,NA,0,0,0,0,100,90,5,70,0,2,1,1,1,1,1,0,15.62,1.23,0.04,0.45,0.03,15.78,43.27,33.58,4.05,57.62,22.28,0,0.46,0.04,0.13,4.62,0.03,14.25,13.22,13.87,22.34,11.53,10.74,-0.8660254037844387,-0.8660254037844388,-1,-1.8369701987210297e-16,-0.9659258262890683,-0.7071067811865479,0.49999999999999994,-0.4999999999999998,1.2246467991473532e-16,-1,-0.2588190451025208,-0.7071067811865471,148.62,-35.58,NSW,1352,0,1,0,0,1,1,1,0,1,1,0.6666666666666666,0,5,5,5,0,5,5,0.4705882352941176
84,0,0,0,0,0,0,0,0,0,0,0,0,0,1,1,1,1,1,1,1.5625,2.333333333333333,0.14285714285714288,0.5,0.38461538461538464,2.1818181818181817,2023-03-10,2023-03-29,2023-04-04,2024-02-28,2024-04-08,2024-03-21,11:10:00,15:32:00,13:34:00,19:37:00,14:00:00,13:55:00,0.33333333333333337,0.29729729729729726,0.3142857142857143,0.4705882352941176,0.21621621621621623,0.16666666666666669,16.1,10.5,17.2,23.3,29.6,19.4,0.6,2.1,2.1,0,2.6,5.7,55.4,100,51.5,57.3,47.8,39.6,0,NA,NA,0,0,0,0,100,80,0,40,0,1,1,1,2,0,2,0,15.62,1.23,0.04,0.45,0.03,15.78,43.27,33.58,4.05,57.62,22.28,0,0.46,0.04,0.13,4.62,0.03,14.25,13.22,13.87,22.34,11.53,10.74,-0.9659258262890682,-0.7071067811865479,-0.9659258262890683,0.2588190451025203,-0.8660254037844388,-0.9659258262890683,0.258819045102521,-0.7071067811865471,-0.2588190451025208,-0.9659258262890684,-0.4999999999999998,-0.2588190451025208,148.6,-35.61,NSW,1374,0,1,0,1,1,1,1,1,1,1,1,5,5,5,5,5,5,5,0.4705882352941176
85,0,0,0,0,0,0,0,0,0,0,0,0,0,0,0,0,0,0,0,1.5625,2.333333333333333,0.14285714285714288,0.5,0.38461538461538464,2.1818181818181817,2023-03-10,2023-03-29,2023-04-04,2024-02-28,2024-03-17,2024-03-28,14:29:00,11:15:00,18:05:00,12:55:00,16:41:00,14:49:00,0.33333333333333337,0.29729729729729726,0.3142857142857143,0.4705882352941176,0.21621621621621623,0.16666666666666669,26.1,16.8,15.1,27,20.8,25.4,0,0.5,0.3,0,1.1,0.7,28.6,100,49.6,59.2,56.3,47.2,0,NA,NA,20,50,0,0,100,80,0,80,0,1,3,1,1,1,1,0,15.62,1.23,0.04,2.57,0,15.78,43.27,33.58,4.05,7.87,0.18,0,0.46,0.04,0.13,1.43,0.01,14.25,13.22,13.87,22.34,13.68,15.98,-0.8660254037844388,-0.9659258262890682,-1.8369701987210297e-16,-1,-0.5000000000000004,-0.8660254037844388,-0.4999999999999998,0.258819045102521,-1,1.2246467991473532e-16,-0.8660254037844384,-0.4999999999999998,148.54,-35.290000000000006,NSW,972,0,0,23.333333333333332,0,0,0,0,0,0,0,0,0,0,0,0,0,0,0,0.4705882352941176
86,9,0,0,0,0,0,0,0,0,0,0,0,0,1,1,1,0,0,1,1.5625,2.333333333333333,0.14285714285714288,0.5,0.38461538461538464,2.1818181818181817,2023-03-13,2023-03-24,2023-04-03,2024-03-03,2024-03-14,2024-03-21,16:22:00,13:30:00,14:34:00,17:55:00,15:46:00,20:37:00,0.33333333333333337,0.29729729729729726,0.3142857142857143,0.4705882352941176,0.21621621621621623,0.16666666666666669,16.5,23.7,23.5,23.3,20.9,14.9,0,0.5,0.7,1.5,0,0,73.9,54.7,53.5,45.3,74.5,58,0,NA,NA,0,0,0,100,5,50,0,100,0,1,2,2,1,1,2,6.33,1.74,0.62,0.01,6.43,0.01,3.45,17.07,25.18,0.98,1.01,41.76,2.46,6.24,0.71,0.09,1.7,0,14.23,15.81,13.67,18.64,18.76,10.45,-0.5000000000000004,-0.9659258262890683,-0.8660254037844388,-0.25881904510252063,-0.7071067811865479,0.5000000000000001,-0.8660254037844384,-0.2588190451025208,-0.4999999999999998,-0.9659258262890683,-0.7071067811865471,-0.8660254037844386,149.44,-36.179999999999986,NSW,918,1,0,0,1,1,1,0,0,1,1,0.6666666666666666,5,5,5,0,0,5,5,0.4705882352941176
87,10,0,1,0,0,0,1,0,1,0,0,0,1,1,1,1,0,1,0,1.5625,1,0.14285714285714288,0.5,0.38461538461538464,2.1818181818181817,2023-03-13,2023-03-24,2023-04-03,2024-03-03,2024-03-14,2024-03-21,16:39:00,13:03:00,14:12:00,18:27:00,15:02:00,21:05:00,0.33333333333333337,0.29729729729729726,0.3142857142857143,0.4705882352941176,0.21621621621621623,0.16666666666666669,19.7,22.3,20.2,24.7,18.5,16.3,0.4,0.3,0,0,1.2,0,59.6,44.1,61.4,56.7,81.2,50.5,0,NA,NA,10,0,50,80,10,80,0,100,0,1,0,1,1,1,1,6.33,1.74,0.62,0.01,6.43,0.01,3.45,17.07,25.18,0.98,1.01,41.76,2.46,6.24,0.71,0.09,1.7,0,14.23,15.81,13.67,18.64,18.76,10.45,-0.5000000000000004,-0.9659258262890683,-0.8660254037844388,-1.8369701987210297e-16,-0.7071067811865479,0.7071067811865474,-0.8660254037844384,-0.2588190451025208,-0.4999999999999998,-1,-0.7071067811865471,-0.7071067811865477,149.51,-36.09,NSW,1015,1,0,20,1,1,1,0,1,0,1,0.6666666666666666,5,5,5,0,5,0,5,0.4705882352941176
88,6,0,0,0,0,0,0,0,0,0,0,0,0,3,4,2,2,1,2,1.5625,2.333333333333333,0.14285714285714288,0.5,0.38461538461538464,2.1818181818181817,2023-03-13,2023-03-24,2023-04-03,2024-03-03,2024-03-14,2024-03-21,16:50:00,12:16:00,13:08:00,19:04:00,14:25:00,21:48:00,0.33333333333333337,0.29729729729729726,0.3142857142857143,0.4705882352941176,0.21621621621621623,0.16666666666666669,15.7,17.7,17.2,18.5,21.8,10.3,0,0.6,0,0,0,0.9,69.4,51.7,69.6,75.8,63.2,75.2,0,NA,NA,0,0,0,80,50,50,0,100,20,2,2,1,1,1,2,6.33,1.74,0.62,0.01,6.43,0.01,3.45,17.07,25.18,0.98,1.01,41.76,2.46,6.24,0.71,0.09,1.7,0,14.23,15.81,13.67,18.64,18.76,10.45,-0.5000000000000004,-1,-0.9659258262890683,0.2588190451025203,-0.8660254037844388,0.7071067811865474,-0.8660254037844384,1.2246467991473532e-16,-0.2588190451025208,-0.9659258262890684,-0.4999999999999998,-0.7071067811865477,149.53,-36.03,NSW,1071,1,0,0,1,1,1,1,1,1,1,2.3333333333333335,50,100,20,20,5,20,100,0.4705882352941176
89,7,0,0,0,0,0,0,0,0,0,0,0,0,2,1,1,0,1,1,1.5625,2.333333333333333,0.14285714285714288,0.5,0.38461538461538464,2.1818181818181817,2023-03-13,2023-03-24,2023-04-03,2024-03-03,2024-03-14,2024-03-21,17:10:00,12:34:00,13:24:00,18:46:00,14:45:00,21:34:00,0.33333333333333337,0.29729729729729726,0.3142857142857143,0.4705882352941176,0.21621621621621623,0.16666666666666669,17,24.6,17.1,22.9,23,10.7,0,0,0,0,1,0,62.7,45.7,69.2,49.2,80.8,69.1,0,NA,NA,0,0,0,100,40,80,0,100,0,1,2,1,1,1,2,6.33,1.74,0.62,0.01,6.43,0.01,3.45,17.07,25.18,0.98,1.01,41.76,2.46,6.24,0.71,0.09,1.7,0,14.23,15.81,13.67,18.64,18.76,10.45,-0.25881904510252063,-1,-0.9659258262890683,-1.8369701987210297e-16,-0.8660254037844388,0.7071067811865474,-0.9659258262890683,1.2246467991473532e-16,-0.2588190451025208,-1,-0.4999999999999998,-0.7071067811865477,149.54,-36.05,NSW,1058,1,0,0,1,1,1,0,1,1,1,1,20,5,5,0,5,5,20,0.4705882352941176
90,19,0,0,0,0,1,0,0,0,0,0,2,0,4,1,1,1,3,1,1.5625,2.333333333333333,0.14285714285714288,0.5,0,2.1818181818181817,2023-04-13,2023-04-20,2023-04-26,2024-04-10,2024-04-20,2024-04-25,05:45:00,12:12:00,17:05:00,15:26:00,19:27:00,15:30:00,0.33333333333333337,0.29729729729729726,0.3142857142857143,0.4705882352941176,0.21621621621621623,0.16666666666666669,19,8.2,21.1,19,11.7,18.2,0,0,0.4,1.3,0,2.7,78,60.4,68.8,63.4,71.6,64,0,NA,NA,0,0,11.851851851851853,40,0,0,50,0,70,2,1,0,1,1,0,5.97,0,0.02,1.86,0.15,0.51,22.68,15.88,0.54,42.72,8,5.720000000000001,1.08,0.01,0.04,0.56,0.02,0.08,14.71,12.56,16.48,13.49,13.22,12.46,0.25881904510252074,-1,-0.25881904510252063,-0.7071067811865479,0.2588190451025203,-0.7071067811865479,0.9659258262890683,1.2246467991473532e-16,-0.9659258262890683,-0.7071067811865471,-0.9659258262890684,-0.7071067811865471,149.45,-37.54999999999999,VIC,104,1,1,0,1,1,1,1,1,1,1,1.8333333333333333,100,5,5,5,50,5,100,0.4705882352941176
91,0,0,0,NA,NA,NA,NA,0,0,0.2758620689655173,0.43859649122807015,0.5499999999999999,0.33333333333333337,2,1,0.9655172413793103,0.7192982456140351,0.7,0.7333333333333333,1.5625,2.333333333333333,0.14285714285714288,0.5,0.38461538461538464,2.1818181818181817,2023-04-14,2023-04-20,NA,NA,NA,NA,11:30:00,17:08:00,NA,NA,NA,NA,0.33333333333333337,0.29729729729729726,0.3142857142857143,0.4705882352941176,0.21621621621621623,0.16666666666666669,20,11.8,18.755172413793105,23.65438596491228,21.623333333333335,19.948333333333334,1.1,0,0.365,1.3189393939393939,1.5750000000000002,1.4470430107526882,100,47.7,60.888333333333335,55.902424242424246,60.30977011494253,57.40295698924731,0,NA,NA,8.571428571428573,18.796296296296294,11.851851851851853,100,90,52.15517241379311,36.14035087719298,45.83333333333333,34.91666666666667,2,1,1.3275862068965518,1.4736842105263157,1.0833333333333333,1.0333333333333334,1.68,0.07,1.0705172413793103,0.3531578947368421,1.6946666666666663,0.5836666666666667,30.130000000000003,17.11,22.002241379310345,14.601052631578947,12.05583333333333,8.878,0.29,0,3.003448275862069,0.5864912280701755,0.859,1.508,15.54,15.06,13.826379310344828,19.164210526315788,16.64,15.335333333333333,-0.9659258262890682,-0.25881904510252063,-0.6213726374977643,-0.5017201995213441,-0.4486812075910252,-0.541414574885065,0.258819045102521,-0.9659258262890683,-0.42000680212321434,-0.524746321077785,-0.5017559551482313,-0.4313131371058496,150.08,-35.92,NSW,7,0,0,13.484848484848486,1,1,0.7413793103448276,0.5614035087719298,0.55,0.6333333333333333,1,1.5,20,5,7.586206896551725,5.175438596491229,5.5,4.666666666666666,20,0.4705882352941176
92,0,1,0,NA,NA,NA,NA,1,0,0.2758620689655173,0.43859649122807015,0.5499999999999999,0.33333333333333337,2,3,0.9655172413793103,0.7192982456140351,0.7,0.7333333333333333,5,2.333333333333333,0.14285714285714288,0.5,0.38461538461538464,2.1818181818181817,2023-04-14,2023-04-20,NA,NA,NA,NA,11:55:00,16:45:00,NA,NA,NA,NA,0.33333333333333337,0.29729729729729726,0.3142857142857143,0.4705882352941176,0.21621621621621623,0.16666666666666669,17.1,11.2,18.755172413793105,23.65438596491228,21.623333333333335,19.948333333333334,0.7,0.3,0.365,1.3189393939393939,1.5750000000000002,1.4470430107526882,62.5,62.2,60.888333333333335,55.902424242424246,60.30977011494253,57.40295698924731,0,NA,NA,8.571428571428573,18.796296296296294,11.851851851851853,80,100,52.15517241379311,36.14035087719298,45.83333333333333,34.91666666666667,2,1,1.3275862068965518,1.4736842105263157,1.0833333333333333,1.0333333333333334,1.68,0.07,1.0705172413793103,0.3531578947368421,1.6946666666666663,0.5836666666666667,30.130000000000003,17.11,22.002241379310345,14.601052631578947,12.05583333333333,8.878,0.29,0,3.003448275862069,0.5864912280701755,0.859,1.508,15.54,15.06,13.826379310344828,19.164210526315788,16.64,15.335333333333333,-0.9659258262890682,-0.5000000000000004,-0.6213726374977643,-0.5017201995213441,-0.4486812075910252,-0.541414574885065,0.258819045102521,-0.8660254037844384,-0.42000680212321434,-0.524746321077785,-0.5017559551482313,-0.4313131371058496,150.1,-35.9,NSW,0,0,0,13.484848484848486,1,1,0.7413793103448276,0.5614035087719298,0.55,0.6333333333333333,1,2.5,20,50,7.586206896551725,5.175438596491229,5.5,4.666666666666666,50,0.4705882352941176
93,0,0,0,0,NA,0,0,0,0,0,0.43859649122807015,0,0,1,0,0,0.7192982456140351,0,0,1.5625,2.333333333333333,0.14285714285714288,0.5,0.38461538461538464,2.1818181818181817,2023-04-14,2023-04-20,2023-04-26,NA,2024-04-19,2024-04-25,12:45:00,15:40:00,23:55:00,NA,15:18:00,18:44:00,0.33333333333333337,0.29729729729729726,0.3142857142857143,0.4705882352941176,0.21621621621621623,0.16666666666666669,19.1,18.2,16,23.65438596491228,18.7,17.9,0,0.6,0,1.3189393939393939,1.9,1.2,82.5,64.5,84,55.902424242424246,70.6,75,0,NA,NA,8.571428571428573,100,100,100,100,0,36.14035087719298,0,50,3,1,1,1.4736842105263157,2,0,3.38,0.67,0.04,0.3531578947368421,0.25,0.01,27.6,18.52,1.4200000000000002,14.601052631578947,2.94,1.82,0.31,0,0.02,0.5864912280701755,0.34,0.01,14.15,13.96,16.13,19.164210526315788,13.2,11.68,-1,-0.7071067811865479,0.9659258262890681,-0.5017201995213441,-0.7071067811865479,-1.8369701987210297e-16,1.2246467991473532e-16,-0.7071067811865471,-0.25881904510252157,-0.524746321077785,-0.7071067811865471,-1,150.2,-35.7,NSW,10,0,0,100,1,0,0,0.5614035087719298,0,0,1,0.2,5,0,0,5.175438596491229,0,0,5,0.4705882352941176
94,10,0,0,NA,NA,NA,NA,0,0,0.2758620689655173,0.43859649122807015,0.5499999999999999,0.33333333333333337,1,1,0.9655172413793103,0.7192982456140351,0.7,0.7333333333333333,1.5625,2.333333333333333,0.14285714285714288,0.5,0.38461538461538464,2.1818181818181817,2023-04-14,2023-04-20,NA,NA,NA,NA,14:25:00,15:04:00,NA,NA,NA,NA,0.33333333333333337,0.29729729729729726,0.3142857142857143,0.4705882352941176,0.21621621621621623,0.16666666666666669,20.2,20.7,18.755172413793105,23.65438596491228,21.623333333333335,19.948333333333334,0.4,0,0.365,1.3189393939393939,1.5750000000000002,1.4470430107526882,70,56,60.888333333333335,55.902424242424246,60.30977011494253,57.40295698924731,0,NA,NA,8.571428571428573,18.796296296296294,11.851851851851853,90,90,52.15517241379311,36.14035087719298,45.83333333333333,34.91666666666667,2,1,1.3275862068965518,1.4736842105263157,1.0833333333333333,1.0333333333333334,3.38,0.67,1.0705172413793103,0.3531578947368421,1.6946666666666663,0.5836666666666667,27.6,18.52,22.002241379310345,14.601052631578947,12.05583333333333,8.878,0.31,0,3.003448275862069,0.5864912280701755,0.859,1.508,14.15,13.96,13.826379310344828,19.164210526315788,16.64,15.335333333333333,-0.8660254037844388,-0.7071067811865479,-0.6213726374977643,-0.5017201995213441,-0.4486812075910252,-0.541414574885065,-0.4999999999999998,-0.7071067811865471,-0.42000680212321434,-0.524746321077785,-0.5017559551482313,-0.4313131371058496,150.09,-35.64,NSW,27,1,1,13.484848484848486,1,1,0.7413793103448276,0.5614035087719298,0.55,0.6333333333333333,1,1,5,5,7.586206896551725,5.175438596491229,5.5,4.666666666666666,5,0.4705882352941176
95,0,1,1,1,1,1,1,3,2,3,3,3,1,0,1,0,2,2,1,0,0,0,0,0,1,2023-03-10,2023-04-20,2023-04-26,2024-04-10,2024-04-19,2024-04-26,09:49:00,09:20:00,20:05:00,18:35:00,20:20:00,15:30:00,0.33333333333333337,0.29729729729729726,0.3142857142857143,0.4705882352941176,0.21621621621621623,0.16666666666666669,17.2,11.4,20.1,17,21.2,19.4,0,0,0,0.9,0,1.6,82.7,59,69.6,71.3,59.5,63.2,0,NA,NA,0,10,20,0,0,0,0,0,10,1,1,1,1,2,0,0.01,0,0.05,0.79,0.94,0.05,49.43,15.39,0.29000000000000004,48.9,4.36,1.41,0.26,0,0.02,0.33,0.24,0.01,18.8,15.23,18.06,15.73,15.75,15.22,-0.7071067811865475,-0.7071067811865475,0.5000000000000001,-1.8369701987210297e-16,0.5000000000000001,-0.7071067811865479,0.7071067811865476,0.7071067811865476,-0.8660254037844386,-1,-0.8660254037844386,-0.7071067811865471,149.93,-36.8,NSW,14,0,0,10,0,1,0,1,1,1,1,1,0,5,0,20,20,5,20,0.4705882352941176
96,6,NA,0,1,1,1,1,0.4057971014492754,0,1,2,2,2,0.8840579710144927,0,1,1,1,0,1.5625,2.333333333333333,0,0,0,0,NA,2023-04-20,2023-04-26,2024-04-10,2024-04-20,2024-04-25,NA,11:00:00,18:35:00,16:54:00,22:17:00,17:23:00,0.33333333333333337,0.29729729729729726,0.3142857142857143,0.4705882352941176,0.21621621621621623,0.16666666666666669,18.16231884057971,13.2,18.7,16.4,14.6,16.5,0.44782608695652176,0,0,2.3,0,2.3,60.82640901771337,61.8,75.3,77.5,70,66.1,0,NA,NA,5,0,0,44.63768115942029,0,0,70,0,50,1.434782608695652,2,1,2,1,0,3.3678260869565215,0,0.02,1.86,0.15,0.51,12.91927536231884,15.88,0.54,42.72,8,5.720000000000001,0.956086956521739,0.01,0.04,0.56,0.02,0.08,13.288695652173914,12.56,16.48,13.49,13.22,12.46,-0.5785580866164058,-0.9659258262890682,-1.8369701987210297e-16,-0.5000000000000004,0.8660254037844384,-0.25881904510252063,-0.3067126594534491,0.258819045102521,-1,-0.8660254037844384,-0.5000000000000004,-0.9659258262890683,149.68,-37.36999999999999,NSW,55,1,1,1.6666666666666667,0.5942028985507246,0,1,1,1,0,1,0.6,9.202898550724637,0,5,5,5,0,5,0.4705882352941176
